,range,max_range,x,y
0,0.8730000257492065,1.2970000505447388,44.80866730333334,-79.96601239166667
1,0.8769999742507935,1.3040000200271606,44.80866692166666,-79.96601227
2,0.8790000081062317,1.309000015258789,44.80866653333333,-79.96601219
3,0.8830000162124634,1.312999963760376,44.808666175,-79.966011995
4,0.8859999775886536,1.3170000314712524,44.8086656,-79.966011715
5,0.8859999775886536,1.3220000267028809,44.80866519166667,-79.96601137166667
6,0.8849999904632568,1.3220000267028809,44.80866502833333,-79.96601145833333
7,0.8889999985694885,1.3220000267028809,44.808665035,-79.96601138666666
8,0.890999972820282,1.3270000219345093,44.80866437,-79.96601097666667
9,0.8939999938011169,1.3300000429153442,44.80866390833334,-79.96601079333334
10,0.8960000276565552,1.3350000381469727,44.80866372,-79.966010635
11,0.8980000019073486,1.3370000123977661,44.808663205,-79.96601050833333
12,0.9020000100135803,1.340999960899353,44.80866314166666,-79.96601047166666
13,0.902999997138977,1.3459999561309814,44.80866253666667,-79.966009955
14,0.9039999842643738,1.3480000495910645,44.80866194833333,-79.96600993333334
15,0.906000018119812,1.350000023841858,44.80866215166667,-79.96600970666667
16,0.9070000052452087,1.3530000448226929,44.80866227166667,-79.96600960166667
17,0.9049999713897705,1.3539999723434448,44.808661865,-79.966009175
18,0.9100000262260437,1.3519999980926514,44.808661726666664,-79.96600902166666
19,0.9079999923706055,1.3580000400543213,44.80866129333333,-79.966008785
20,0.906000018119812,1.3550000190734863,44.808660808333336,-79.96600832166666
21,0.9039999842643738,1.3519999980926514,44.808660448333335,-79.96600801833333
22,0.902999997138977,1.350000023841858,44.808660395,-79.96600804166667
23,0.9010000228881836,1.3480000495910645,44.80865938666667,-79.96600732333333
24,0.8989999890327454,1.3459999561309814,44.808658945,-79.96600703666667
25,0.8989999890327454,1.3420000076293945,44.808658136666665,-79.96600657833334
26,0.8960000276565552,1.3420000076293945,44.80865801,-79.96600692
27,0.8949999809265137,1.3380000591278076,44.80865674333333,-79.96600626
28,0.8930000066757202,1.3359999656677246,44.80865628666667,-79.96600627
29,0.8920000195503235,1.3329999446868896,44.808655736666665,-79.96600610666667
30,0.8939999938011169,1.3309999704360962,44.80865454833334,-79.96600552
31,0.8920000195503235,1.3350000381469727,44.808654225,-79.96600561
32,0.8889999985694885,1.3320000171661377,44.808652761666664,-79.96600523833334
33,0.8880000114440918,1.3259999752044678,44.808652783333336,-79.96600509666666
34,0.8849999904632568,1.3259999752044678,44.80865174666667,-79.96600499
35,0.8820000290870667,1.3209999799728394,44.80865083166667,-79.96600465833333
36,0.878000020980835,1.315999984741211,44.80865015,-79.96600459
37,0.8769999742507935,1.3109999895095825,44.808648491666666,-79.96600411333333
38,0.8730000257492065,1.309000015258789,44.808647758333336,-79.96600397666667
39,0.890999972820282,1.3020000457763672,44.80864582666667,-79.96600344666666
40,0.8899999856948853,1.3300000429153442,44.808645113333334,-79.96600333333333
41,0.9100000262260437,1.3289999961853027,44.80864315833333,-79.96600288833334
42,0.9279999732971191,1.3589999675750732,44.80864221,-79.96600256833334
43,0.9549999833106995,1.3849999904632568,44.80864114333333,-79.966002265
44,0.9810000061988831,1.4259999990463257,44.80863907333333,-79.96600150333333
45,0.996999979019165,1.4639999866485596,44.80863796166667,-79.96600127666666
46,1.0180000066757202,1.4880000352859497,44.80863695833333,-79.96600083333334
47,1.0410000085830688,1.5190000534057617,44.808634993333335,-79.96600011666666
48,1.0850000381469727,1.5540000200271606,44.80863411166666,-79.96599979333334
49,1.128999948501587,1.61899995803833,44.80863199666667,-79.96599892833333
50,1.1610000133514404,1.6859999895095825,44.808630928333336,-79.96599837333333
51,1.2000000476837158,1.7330000400543213,44.80862995166667,-79.96599803166667
52,1.2269999980926514,1.7910000085830688,44.808627863333335,-79.96599704833334
53,1.2680000066757202,1.8309999704360962,44.808626673333336,-79.96599654333333
54,1.3140000104904175,1.8930000066757202,44.808623901666664,-79.96599519
55,1.3609999418258667,1.9609999656677246,44.80862242166667,-79.96599438666667
56,1.409000039100647,2.0320000648498535,44.80861921166667,-79.96599291333334
57,1.4539999961853027,2.1029999256134033,44.80861771,-79.965992125
58,0.9480000138282776,2.1710000038146973,44.808616255,-79.965991405
59,0.9359999895095825,1.4149999618530273,44.80861360833333,-79.96599016166667
60,0.9039999842643738,1.3980000019073486,44.80861234,-79.965989585
61,0.8849999904632568,1.350000023841858,44.80860986,-79.96598827833333
62,0.8970000147819519,1.3209999799728394,44.80860882166667,-79.96598779333333
63,1.0099999904632568,1.3389999866485596,44.808606436666665,-79.96598671166667
64,1.093000054359436,1.5080000162124634,44.808605345,-79.96598611333333
65,1.0549999475479126,1.6319999694824219,44.80860464,-79.96598570333333
66,1.0149999856948853,1.5750000476837158,44.80860263333334,-79.965984595
67,0.9710000157356262,1.5149999856948853,44.80860149,-79.96598407333333
68,0.9309999942779541,1.4490000009536743,44.808598805,-79.96598255666666
69,0.6600000262260437,1.3899999856948853,44.808597211666665,-79.96598162
70,0.6669999957084656,0.9850000143051147,44.80859543333333,-79.96598065333333
71,0.6589999794960022,0.9959999918937683,44.80859252166667,-79.96597909333333
72,0.6539999842643738,0.984000027179718,44.808591093333334,-79.96597829166667
73,0.6669999957084656,0.9760000109672546,44.80858827666667,-79.96597707333333
74,0.6700000166893005,0.9959999918937683,44.80858692333334,-79.96597639333334
75,0.6759999990463257,1.0,44.808585701666665,-79.96597566333334
76,0.6909999847412109,1.0089999437332153,44.80858331333334,-79.96597450333333
77,0.7129999995231628,1.031000018119812,44.80858212,-79.96597391166667
78,0.7110000252723694,1.0640000104904175,44.80857986666667,-79.96597276833333
79,0.7250000238418579,1.062000036239624,44.80857883666667,-79.96597223666667
80,0.7429999709129333,1.0829999446868896,44.808576656666666,-79.96597118166666
81,0.7549999952316284,1.1089999675750732,44.80857562833334,-79.96597068
82,0.7710000276565552,1.1269999742507935,44.80857460666667,-79.96597005166667
83,0.7860000133514404,1.1510000228881836,44.808572631666664,-79.96596906166667
84,0.8069999814033508,1.1729999780654907,44.808571646666664,-79.96596846166666
85,0.8130000233650208,1.2050000429153442,44.808569675,-79.96596737666667
86,0.8259999752044678,1.2139999866485596,44.808568781666665,-79.96596682833334
87,0.8429999947547913,1.2330000400543213,44.808566666666664,-79.96596557166667
88,0.8619999885559082,1.2580000162124634,44.80856548,-79.96596477833333
89,0.8769999742507935,1.2860000133514404,44.808564243333336,-79.96596405166666
90,0.8889999985694885,1.309000015258789,44.808562126666665,-79.96596280166666
91,0.9070000052452087,1.3270000219345093,44.80856119333333,-79.96596221166666
92,0.9259999990463257,1.3539999723434448,44.808559366666664,-79.96596107
93,0.9340000152587891,1.3830000162124634,44.808558381666664,-79.96596047
94,0.9359999895095825,1.3949999809265137,44.80855671166667,-79.96595922833333
95,0.9409999847412109,1.3969999551773071,44.80855615666667,-79.96595880333334
96,0.9480000138282776,1.4049999713897705,44.808555616666666,-79.96595832333334
97,0.9490000009536743,1.4149999618530273,44.808554275,-79.96595724666666
98,0.9589999914169312,1.4170000553131104,44.80855349,-79.96595684333333
99,0.9589999914169312,1.430999994277954,44.808552043333336,-79.96595577
100,0.9580000042915344,1.430999994277954,44.808551396666665,-79.9659553
101,0.9580000042915344,1.4299999475479126,44.808550026666666,-79.96595428333333
102,0.9610000252723694,1.4290000200271606,44.808549426666666,-79.96595398333334
103,0.9589999914169312,1.434999942779541,44.808548046666665,-79.96595306666667
104,0.9570000171661377,1.4320000410079956,44.80854752,-79.96595262333334
105,0.9610000252723694,1.4290000200271606,44.808546848333336,-79.96595212666666
106,0.9620000123977661,1.434999942779541,44.808545675,-79.96595127
107,0.9629999995231628,1.4359999895095825,44.80854498833333,-79.96595082
108,0.9620000123977661,1.437000036239624,44.80854379833333,-79.96594969
109,0.9620000123977661,1.437000036239624,44.80854315166667,-79.96594929
110,0.9620000123977661,1.4359999895095825,44.808541848333334,-79.96594848666666
111,0.9639999866485596,1.434999942779541,44.808541135,-79.965948035
112,0.9620000123977661,1.437999963760376,44.808540513333334,-79.96594758833334
113,0.9639999866485596,1.434999942779541,44.80853918333333,-79.96594665166667
114,0.9470000267028809,1.440000057220459,44.808538481666666,-79.965946235
115,0.9750000238418579,1.4140000343322754,44.808537155,-79.96594535833333
116,0.9739999771118164,1.4550000429153442,44.80853642333334,-79.96594501
117,0.9750000238418579,1.4539999961853027,44.808535733333336,-79.96594448666667
118,0.9739999771118164,1.4550000429153442,44.808534263333335,-79.96594370833333
119,0.972000002861023,1.4550000429153442,44.808533483333335,-79.965943195
120,0.9750000238418579,1.4509999752044678,44.80853200333333,-79.96594234166666
121,0.9789999723434448,1.4559999704360962,44.80853123,-79.96594196666666
122,0.9769999980926514,1.4609999656677246,44.80852985166667,-79.96594113166667
123,0.9779999852180481,1.4589999914169312,44.808529101666664,-79.96594079833334
124,0.9789999723434448,1.4600000381469727,44.808527585,-79.96593997
125,0.9800000190734863,1.4609999656677246,44.808526701666665,-79.965939535
126,0.9789999723434448,1.4630000591278076,44.808525885,-79.96593903166666
127,0.984000027179718,1.4620000123977661,44.808524123333335,-79.96593807833334
128,0.9810000061988831,1.468000054359436,44.808523056666665,-79.96593772333334
129,0.984000027179718,1.465000033378601,44.80852121833333,-79.96593664833334
130,0.9860000014305115,1.468000054359436,44.808520343333335,-79.96593619
131,0.9850000143051147,1.472000002861023,44.80851841333333,-79.96593533333333
132,0.9729999899864197,1.4709999561309814,44.808517615,-79.96593488166667
133,0.968999981880188,1.4529999494552612,44.808516805,-79.96593445666667
134,0.9850000143051147,1.4470000267028809,44.808515165,-79.96593357833333
135,0.9829999804496765,1.4700000286102295,44.808514405,-79.96593323833333
136,0.9829999804496765,1.4670000076293945,44.808512918333335,-79.96593225333334
137,0.9829999804496765,1.468000054359436,44.80851214333333,-79.965931965
138,0.9819999933242798,1.4670000076293945,44.808511385,-79.965931595
139,0.9639999866485596,1.4670000076293945,44.80850944666667,-79.96593028
140,0.9580000042915344,1.4390000104904175,44.808508485,-79.96592973333334
141,0.9520000219345093,1.430999994277954,44.80850666833334,-79.96592873833333
142,0.9459999799728394,1.4220000505447388,44.80850552,-79.96592836666667
143,0.9210000038146973,1.4119999408721924,44.808504191666664,-79.96592755333333
144,0.9269999861717224,1.3739999532699585,44.80850234,-79.96592722333334
145,0.9169999957084656,1.3839999437332153,44.808500968333334,-79.96592673833334
146,0.9079999923706055,1.36899995803833,44.8084987,-79.965926415
147,0.9200000166893005,1.3550000190734863,44.808497933333335,-79.96592650166667
148,0.953000009059906,1.3739999532699585,44.808497075,-79.965926565
149,0.9589999914169312,1.4229999780654907,44.808494683333336,-79.96592666
150,0.9539999961853027,1.430999994277954,44.80849361333333,-79.96592716166667
151,0.9610000252723694,1.4229999780654907,44.808491735,-79.96592796333333
152,0.9440000057220459,1.434000015258789,44.808490245,-79.96592788833334
153,0.9459999799728394,1.409999966621399,44.80848867833333,-79.96592872
154,0.9390000104904175,1.4110000133514404,44.80848835,-79.96592924333333
155,0.9490000009536743,1.4019999504089355,44.80848558833333,-79.96593005166666
156,0.9549999833106995,1.4170000553131104,44.808484586666665,-79.96593078
157,0.9610000252723694,1.4259999990463257,44.80848354166667,-79.96593145833333
158,0.9649999737739563,1.434999942779541,44.80848158333333,-79.96593277333334
159,1.0,1.440000057220459,44.808480685,-79.96593375333333
160,1.0240000486373901,1.4919999837875366,44.808479145,-79.96593535666666
161,1.0540000200271606,1.5290000438690186,44.80847814333333,-79.96593634333334
162,1.065000057220459,1.5740000009536743,44.808476385,-79.96593776833333
163,1.0950000286102295,1.590000033378601,44.808475455,-79.96593855333333
164,1.1030000448226929,1.6339999437332153,44.80847439833333,-79.96593975666667
165,1.128000020980835,1.6469999551773071,44.80847290333333,-79.96594156333333
166,1.1510000228881836,1.684000015258789,44.808472138333336,-79.96594252333334
167,1.1679999828338623,1.718000054359436,44.808470668333335,-79.96594444833333
168,1.1790000200271606,1.74399995803833,44.80846977666667,-79.965945285
169,1.2020000219345093,1.7599999904632568,44.808468921666666,-79.96594715833334
170,1.2300000190734863,1.7940000295639038,44.8084686,-79.96594807
171,1.25,1.8350000381469727,44.80846831666667,-79.965948945
172,1.284999966621399,1.8669999837875366,44.80846791333333,-79.965950585
173,1.3040000200271606,1.9179999828338623,44.80846742,-79.96595113
174,1.3070000410079956,1.9470000267028809,44.808467056666665,-79.96595246833333
175,1.3289999961853027,1.9520000219345093,44.80846686,-79.96595303
176,1.3450000286102295,1.9830000400543213,44.80846614833333,-79.965953705
177,1.3650000095367432,2.007999897003174,44.80846605833333,-79.96595439833334
178,1.38100004196167,2.0369999408721924,44.808465471666665,-79.96595508333333
179,1.3980000019073486,2.061000108718872,44.80846480666666,-79.96595746333334
180,1.4190000295639038,2.0859999656677246,44.80846469833333,-79.96595870833333
181,1.434999942779541,2.118000030517578,44.80846409,-79.96596073333333
182,1.465000033378601,2.1419999599456787,44.80846377833333,-79.96596163333334
183,1.4880000352859497,2.186000108718872,44.80846321333333,-79.96596330833333
184,1.5069999694824219,2.2219998836517334,44.80846305666667,-79.96596398166666
185,1.5269999504089355,2.25,44.80846304,-79.96596508333333
186,1.5470000505447388,2.2799999713897705,44.808462545,-79.96596778166666
187,1.5670000314712524,2.309000015258789,44.808462455,-79.96596898
188,1.593999981880188,2.3399999141693115,44.80846210666667,-79.96597120166666
189,1.6039999723434448,2.380000114440918,44.80846271666667,-79.96597197
190,1.621000051498413,2.3940000534057617,44.808463255,-79.96597278833333
191,1.6369999647140503,2.4189999103546143,44.808463528333334,-79.96597421333334
192,1.656999945640564,2.444000005722046,44.80846429,-79.96597444666666
193,1.6770000457763672,2.4730000495910645,44.80846425833333,-79.96597601666667
194,1.7089999914169312,2.503999948501587,44.80846413,-79.965977325
195,1.7289999723434448,2.5510001182556152,44.808464665,-79.965980065
196,1.753000020980835,2.5799999237060547,44.808464935,-79.96598169
197,1.7640000581741333,2.615999937057495,44.808465438333336,-79.96598460166666
198,1.7910000085830688,2.632999897003174,44.80846579333333,-79.96598578666666
199,1.815000057220459,2.6740000247955322,44.80846611166667,-79.96598697833333
200,1.840000033378601,2.7090001106262207,44.808466761666665,-79.965989045
201,1.8639999628067017,2.746999979019165,44.80846691833333,-79.96598993666667
202,1.8910000324249268,2.7820000648498535,44.808467335,-79.96599147166667
203,1.8949999809265137,2.822999954223633,44.80846658666667,-79.96599330333333
204,1.9270000457763672,2.8289999961853027,44.808467263333334,-79.96599507833334
205,1.9529999494552612,2.875999927520752,44.80846768833333,-79.96599566833333
206,1.9769999980926514,2.9149999618530273,44.80846810333333,-79.96599660833333
207,2.0,2.9519999027252197,44.80846876166667,-79.96599786333333
208,2.046999931335449,2.984999895095825,44.80846906166666,-79.965998535
209,2.058000087738037,3.055999994277954,44.808469548333335,-79.96599960666667
210,2.0769999027252197,3.071000099182129,44.808469865,-79.966000045
211,2.0999999046325684,3.0999999046325684,44.80847060333333,-79.96600114166667
212,2.119999885559082,3.134999990463257,44.80847093,-79.96600156333334
213,2.135999917984009,3.1649999618530273,44.80847165,-79.96600242833334
214,2.1500000953674316,3.187999963760376,44.808471948333334,-79.96600284
215,2.1610000133514404,3.2090001106262207,44.808472263333336,-79.966003265
216,2.1600000858306885,3.2249999046325684,44.80847293666667,-79.96600408
217,2.186000108718872,3.2249999046325684,44.80847329,-79.96600424333333
218,2.197000026702881,3.263000011444092,44.8084741,-79.966004865
219,2.2139999866485596,3.2799999713897705,44.808474376666666,-79.96600511833333
220,2.2130000591278076,3.305000066757202,44.808474985,-79.96600559666666
221,2.2219998836517334,3.303999900817871,44.80847535,-79.966005915
222,2.2190001010894775,3.316999912261963,44.808475673333334,-79.96600642
223,2.2049999237060547,3.312000036239624,44.808475896666664,-79.96600646166667
224,2.196000099182129,3.2909998893737793,44.80847660333333,-79.966005715
225,2.190000057220459,3.2769999504089355,44.808476676666665,-79.96600607166667
226,2.197000026702881,3.2699999809265137,44.808477616666664,-79.96600505166667
227,2.181999921798706,3.2799999713897705,44.808477575,-79.96600504333334
228,2.1610000133514404,3.256999969482422,44.80847748666667,-79.96600506333333
229,2.1459999084472656,3.2260000705718994,44.808477116666666,-79.96600498666666
230,2.135999917984009,3.203000068664551,44.808476866666666,-79.96600497
231,2.119999885559082,3.187999963760376,44.80847645833333,-79.96600496666667
232,2.124000072479248,3.1649999618530273,44.808476235,-79.96600494
233,2.125999927520752,3.1700000762939453,44.808475656666666,-79.96600486166666
234,2.11899995803833,3.1730000972747803,44.808475455,-79.96600471333333
235,2.132999897003174,3.1630001068115234,44.808475095,-79.96600462666666
236,2.1459999084472656,3.184000015258789,44.808474448333335,-79.96600462
237,2.11899995803833,3.203000068664551,44.808474105,-79.96600456666667
238,2.132999897003174,3.1630001068115234,44.80847324166667,-79.96600425333334
239,2.130000114440918,3.184000015258789,44.808472763333334,-79.96600420333333
240,2.138000011444092,3.178999900817871,44.80847164,-79.96600386333333
241,2.125999927520752,3.190999984741211,44.80847105666667,-79.96600380666666
242,2.134000062942505,3.1740000247955322,44.808470621666665,-79.966003735
243,2.1480000019073486,3.184999942779541,44.80846972,-79.96600357833333
244,2.1619999408721924,3.2060000896453857,44.80846931166667,-79.96600333
245,2.1700000762939453,3.2269999980926514,44.80846864833333,-79.96600320166667
246,2.1670000553131104,3.23799991607666,44.808468475,-79.96600315666667
247,2.1760001182556152,3.2339999675750732,44.808468075,-79.966003055
248,2.194000005722046,3.247999906539917,44.808467936666666,-79.96600302
249,2.2090001106262207,3.2750000953674316,44.808467758333336,-79.966003055
250,2.2219998836517334,3.296999931335449,44.80846765,-79.966003055
251,2.236999988555908,3.315999984741211,44.80846775,-79.96600303666666
252,2.2300000190734863,3.3389999866485596,44.808467905,-79.96600318666667
253,2.2309999465942383,3.3289999961853027,44.808468033333334,-79.966003375
254,2.24399995803833,3.3310000896453857,44.808468495,-79.96600353333334
255,2.240999937057495,3.3499999046325684,44.808468855,-79.966003725
256,2.242000102996826,3.3450000286102295,44.808469521666666,-79.966004085
257,2.255000114440918,3.3469998836517334,44.80846996333333,-79.966004225
258,2.263000011444092,3.367000102996826,44.808470766666666,-79.96600466166667
259,2.259999990463257,3.378000020980835,44.808471268333335,-79.966004905
260,2.2639999389648438,3.372999906539917,44.80847179166667,-79.96600523666666
261,2.2750000953674316,3.378999948501587,44.80847296,-79.96600565166666
262,2.263000011444092,3.3959999084472656,44.80847352666667,-79.96600582333333
263,2.26200008392334,3.377000093460083,44.80847478,-79.96600645833334
264,2.2639999389648438,3.375999927520752,44.80847549666667,-79.96600662
265,2.2690000534057617,3.380000114440918,44.80847689,-79.96600718166667
266,2.2709999084472656,3.38700008392334,44.80847758666667,-79.96600755166666
267,2.2750000953674316,3.390000104904175,44.808479121666664,-79.96600814166666
268,2.2780001163482666,3.3959999084472656,44.80847990666667,-79.96600834333333
269,2.236999988555908,3.4010000228881836,44.808480786666664,-79.96600857833333
270,2.259999990463257,3.3389999866485596,44.80848242166667,-79.96600923833333
271,2.2230000495910645,3.374000072479248,44.808483295,-79.96600952666667
272,2.2119998931884766,3.318000078201294,44.808485005,-79.966010125
273,2.2149999141693115,3.3010001182556152,44.808485858333334,-79.96601020666667
274,2.191999912261963,3.305999994277954,44.80848769166667,-79.96601093666666
275,2.1610000133514404,3.2720000743865967,44.80848857,-79.96601106666667
276,2.138000011444092,3.2249999046325684,44.80849026,-79.96601163166666
277,2.127000093460083,3.191999912261963,44.80849122666667,-79.96601180666667
278,2.1070001125335693,3.174999952316284,44.808492961666666,-79.96601237833333
279,2.075000047683716,3.1440000534057617,44.80849380666667,-79.96601263333334
280,2.049999952316284,3.0969998836517334,44.808494771666666,-79.96601279333333
281,2.0230000019073486,3.059999942779541,44.80849634,-79.96601349166667
282,2.0230000019073486,3.0199999809265137,44.80849731166667,-79.96601355333334
283,2.005000114440918,3.0190000534057617,44.808498945,-79.96601413833334
284,1.9780000448226929,2.993000030517578,44.80849980166667,-79.96601448
285,1.9600000381469727,2.9519999027252197,44.80850142,-79.966015055
286,1.9490000009536743,2.9260001182556152,44.80850249,-79.96601515666667
287,1.9639999866485596,2.9079999923706055,44.808503243333334,-79.96601547166667
288,1.8919999599456787,2.931999921798706,44.80850505833333,-79.96601594166667
289,1.940999984741211,2.825000047683716,44.808505835,-79.96601625833334
290,1.902999997138977,2.8980000019073486,44.80850745833333,-79.96601690833333
291,1.906999945640564,2.8410000801086426,44.80850830833333,-79.9660173
292,1.899999976158142,2.8469998836517334,44.80850993333333,-79.96601790166666
293,1.9119999408721924,2.8359999656677246,44.80851086,-79.96601802666666
294,1.9229999780654907,2.8550000190734863,44.808512395,-79.96601869
295,1.9520000219345093,2.871000051498413,44.808513175,-79.96601899833334
296,1.968000054359436,2.9140000343322754,44.80851398666667,-79.96601942166667
297,1.9709999561309814,2.937999963760376,44.80851564666666,-79.966020085
298,1.9800000190734863,2.941999912261963,44.808516374999996,-79.96602038333333
299,2.009000062942505,2.9549999237060547,44.80851801833333,-79.96602109833333
300,2.0169999599456787,2.999000072479248,44.80851881,-79.96602160166667
301,2.0250000953674316,3.010999917984009,44.808520558333335,-79.96602204666667
302,2.0380001068115234,3.0220000743865967,44.808521266666666,-79.966022445
303,2.0369999408721924,3.0409998893737793,44.80852281833333,-79.96602338833333
304,2.0480000972747803,3.0399999618530273,44.808523695,-79.96602357666667
305,2.046999931335449,3.055999994277954,44.808524571666666,-79.96602396833333
306,2.056999921798706,3.055999994277954,44.80852622166667,-79.96602460333334
307,2.052000045776367,3.069999933242798,44.80852700333333,-79.96602505
308,2.061000108718872,3.062999963760376,44.80852863333333,-79.96602572333333
309,2.065999984741211,3.0759999752044678,44.80852952833333,-79.96602593666667
310,2.052999973297119,3.0840001106262207,44.808531048333336,-79.96602667166667
311,2.052000045776367,3.065000057220459,44.80853188333333,-79.96602705333333
312,2.059999942779541,3.062999963760376,44.808533501666666,-79.96602775833334
313,2.069999933242798,3.075000047683716,44.808534255,-79.96602803166667
314,2.069000005722046,3.0899999141693115,44.808535665,-79.96602868
315,2.066999912261963,3.0880000591278076,44.808536481666664,-79.96602879833333
316,2.062000036239624,3.0850000381469727,44.80853723333333,-79.96602925333333
317,2.062000036239624,3.078000068664551,44.80853850166667,-79.96602971833333
318,2.065999984741211,3.078000068664551,44.808539018333335,-79.96603002
319,2.052999973297119,3.0829999446868896,44.808540388333334,-79.96603028833333
320,2.046999931335449,3.063999891281128,44.80854100166667,-79.966030465
321,2.061000108718872,3.055000066757202,44.808542495,-79.96603132166666
322,2.052000045776367,3.0769999027252197,44.808543335,-79.966031715
323,2.072000026702881,3.062999963760376,44.80854520333333,-79.96603230166667
324,2.072999954223633,3.0920000076293945,44.808545955,-79.96603288333333
325,2.0789999961853027,3.0940001010894775,44.808546935,-79.96603282333334
326,2.065999984741211,3.1029999256134033,44.808548693333336,-79.96603312166667
327,2.0880000591278076,3.0840001106262207,44.808549463333335,-79.96603339333333
328,2.0810000896453857,3.115999937057495,44.808551073333334,-79.96603372833333
329,2.0880000591278076,3.1050000190734863,44.80855185666667,-79.96603380666667
330,2.0969998836517334,3.117000102996826,44.808553358333334,-79.96603424333334
331,2.1040000915527344,3.130000114440918,44.80855416833333,-79.96603446833333
332,2.1010000705718994,3.1410000324249268,44.808555756666664,-79.96603467333334
333,2.0889999866485596,3.135999917984009,44.808556618333334,-79.96603480666667
334,2.0929999351501465,3.11899995803833,44.80855738166667,-79.96603486
335,2.0899999141693115,3.124000072479248,44.80855914,-79.96603487333333
336,2.0899999141693115,3.11899995803833,44.80855995666667,-79.966034975
337,2.0899999141693115,3.11899995803833,44.808561515,-79.96603498666667
338,2.0899999141693115,3.119999885559082,44.808562386666665,-79.96603517833333
339,2.0950000286102295,3.119999885559082,44.808564086666664,-79.966035065
340,2.0999999046325684,3.128000020980835,44.80856489,-79.966035145
341,2.0880000591278076,3.134999990463257,44.808566533333334,-79.966035105
342,2.0920000076293945,3.115999937057495,44.808567366666665,-79.966035175
343,2.071000099182129,3.122999906539917,44.80856829,-79.96603509833334
344,2.062000036239624,3.0910000801086426,44.80857013,-79.96603490666666
345,2.053999900817871,3.078000068664551,44.808570896666666,-79.96603489666667
346,2.053999900817871,3.065999984741211,44.808572678333334,-79.96603496166667
347,2.0390000343322754,3.065999984741211,44.808573665,-79.96603481
348,2.0299999713897705,3.0439999103546143,44.808575375,-79.96603487333333
349,2.0160000324249268,3.0299999713897705,44.80857624833333,-79.96603480333333
350,2.00600004196167,3.009999990463257,44.80857799166667,-79.9660348
351,1.9919999837875366,2.994999885559082,44.80857899833333,-79.96603475666667
352,1.9859999418258667,2.9730000495910645,44.808579826666666,-79.96603471
353,1.9759999513626099,2.9649999141693115,44.808581718333336,-79.96603467166666
354,1.9609999656677246,2.9489998817443848,44.80858265,-79.96603465666666
355,1.9290000200271606,2.927000045776367,44.808584501666665,-79.966034615
356,1.9160000085830688,2.880000114440918,44.80858539333333,-79.96603464833333
357,1.8949999809265137,2.8589999675750732,44.80858727,-79.966034535
358,1.8769999742507935,2.8289999961853027,44.80858803833333,-79.96603480833333
359,1.8569999933242798,2.802000045776367,44.808589125,-79.96603457666667
360,1.843000054359436,2.7720000743865967,44.808591015,-79.96603464166667
361,1.8279999494552612,2.750999927520752,44.808591865,-79.966034655
362,1.7999999523162842,2.7279999256134033,44.80859372166667,-79.96603475833334
363,1.7719999551773071,2.686000108718872,44.808594668333335,-79.96603457333333
364,1.7369999885559082,2.6449999809265137,44.80859649333333,-79.966034465
365,1.7050000429153442,2.5929999351501465,44.808598165,-79.96603334333334
366,1.687000036239624,2.5450000762939453,44.808599068333336,-79.96603345166666
367,1.6670000553131104,2.5190000534057617,44.80860100333334,-79.966033385
368,1.6510000228881836,2.48799991607666,44.80860190666667,-79.9660334
369,1.6339999437332153,2.4649999141693115,44.808603778333335,-79.966033365
370,1.6050000190734863,2.438999891281128,44.80860472333333,-79.96603351
371,1.5880000591278076,2.3949999809265137,44.80860662166667,-79.96603359333334
372,1.5470000505447388,2.369999885559082,44.80860747333333,-79.96603357166667
373,1.534000039100647,2.309999942779541,44.808608575,-79.96603367666667
374,1.5169999599456787,2.2899999618530273,44.808610398333336,-79.96603371
375,1.5140000581741333,2.2639999389648438,44.80861132166667,-79.96603387166667
376,1.49399995803833,2.259000062942505,44.80861307166667,-79.96603395666666
377,1.4819999933242798,2.2309999465942383,44.808613916666665,-79.966034145
378,1.4839999675750732,2.2119998931884766,44.808615716666665,-79.96603423
379,1.4709999561309814,2.2149999141693115,44.80861660666667,-79.96603455666667
380,1.4550000429153442,2.196000099182129,44.808618173333336,-79.96603469666667
381,1.4259999990463257,2.1710000038146973,44.80861899666667,-79.966034835
382,1.371999979019165,2.128000020980835,44.80861975166667,-79.96603482833333
383,1.4220000505447388,2.0480000972747803,44.80862121,-79.96603518833334
384,1.3669999837875366,2.121999979019165,44.80862219833333,-79.966035035
385,1.4390000104904175,2.0399999618530273,44.80862361166667,-79.96603527833334
386,1.4149999618530273,2.1480000019073486,44.80862428,-79.96603525666667
387,1.4040000438690186,2.111999988555908,44.808625733333336,-79.96603542333334
388,1.378000020980835,2.0950000286102295,44.808626425,-79.96603546166666
389,1.3700000047683716,2.056999921798706,44.808627433333335,-79.96603577
390,1.3819999694824219,2.0439999103546143,44.808629958333334,-79.96603634833333
391,1.3519999980926514,2.062999963760376,44.80863142,-79.96603653166666
392,1.3420000076293945,2.0179998874664307,44.808634203333334,-79.96603706666667
393,1.3200000524520874,2.003000020980835,44.808635605,-79.96603714333334
394,1.3109999895095825,1.9700000286102295,44.808637935,-79.96603736666667
395,1.2999999523162842,1.9570000171661377,44.808638885,-79.966037365
396,1.2929999828338623,1.940000057220459,44.808640008333334,-79.96603752666667
397,1.2710000276565552,1.930999994277954,44.808641916666666,-79.966037515
398,1.218000054359436,1.8969999551773071,44.80864283333333,-79.96603736833333
399,1.1990000009536743,1.8179999589920044,44.808644361666666,-79.96603728666666
400,1.187000036239624,1.7899999618530273,44.80864496666667,-79.9660373
401,1.1979999542236328,1.7719999551773071,44.80864609166667,-79.96603698666667
402,1.2059999704360962,1.7879999876022339,44.80864653,-79.966037045
403,1.1929999589920044,1.8009999990463257,44.808647388333334,-79.966036635
404,1.1859999895095825,1.781999945640564,44.808647645,-79.96603658666666
405,1.1740000247955322,1.7699999809265137,44.8086478,-79.96603647166667
406,1.1710000038146973,1.753000020980835,44.808648313333336,-79.96603625666667
407,1.1640000343322754,1.7480000257492065,44.808648381666664,-79.96603612333334
408,1.1549999713897705,1.7369999885559082,44.80864836833333,-79.96603582
409,1.1460000276565552,1.7239999771118164,44.80864829833333,-79.966035825
410,1.1369999647140503,1.7109999656677246,44.808647955,-79.96603565
411,1.1339999437332153,1.6979999542236328,44.808647746666665,-79.966035555
412,1.121000051498413,1.6929999589920044,44.80864757333333,-79.96603545333333
413,1.121999979019165,1.6729999780654907,44.808646931666665,-79.96603522333334
414,1.1139999628067017,1.6740000247955322,44.80864659833333,-79.96603503833333
415,1.1069999933242798,1.6629999876022339,44.808645678333335,-79.966034995
416,1.1019999980926514,1.6519999504089355,44.808645135,-79.96603495666666
417,1.1080000400543213,1.6449999809265137,44.808644135,-79.966035005
418,1.1059999465942383,1.6549999713897705,44.80864363166667,-79.96603505
419,1.1069999933242798,1.6510000228881836,44.80864295666667,-79.96603506
420,1.1050000190734863,1.652999997138977,44.808641791666666,-79.96603532166667
421,1.1050000190734863,1.649999976158142,44.80864116833333,-79.96603526166666
422,1.1080000400543213,1.649999976158142,44.808639991666666,-79.96603533666666
423,1.1059999465942383,1.6549999713897705,44.80863932166667,-79.96603550333333
424,1.1009999513626099,1.649999976158142,44.80863808666667,-79.966035665
425,1.1089999675750732,1.6440000534057617,44.808637481666665,-79.96603582166667
426,1.1150000095367432,1.6549999713897705,44.808636305,-79.96603598833333
427,1.1130000352859497,1.6640000343322754,44.80863565666667,-79.96603603666667
428,1.1100000143051147,1.6610000133514404,44.80863517,-79.96603619166666
429,1.1080000400543213,1.656999945640564,44.80863411333333,-79.96603644666666
430,1.121000051498413,1.6540000438690186,44.808633588333336,-79.96603654
431,1.1269999742507935,1.6729999780654907,44.808632503333335,-79.966036845
432,1.1380000114440918,1.6820000410079956,44.808631935,-79.96603703166667
433,1.1399999856948853,1.6979999542236328,44.80863091,-79.96603727166666
434,1.149999976158142,1.7020000219345093,44.808630308333335,-79.96603758333333
435,1.159000039100647,1.715999960899353,44.80862956,-79.96603772833333
436,1.156000018119812,1.7300000190734863,44.808628496666664,-79.96603837666666
437,1.1490000486373901,1.725000023841858,44.808627836666666,-79.96603864833334
438,1.152999997138977,1.715999960899353,44.80862622,-79.96603946833334
439,1.1679999828338623,1.722000002861023,44.80862565,-79.96603996
440,1.1729999780654907,1.7430000305175781,44.808624081666665,-79.96604079833334
441,1.1929999589920044,1.7510000467300415,44.80862362333333,-79.96604119166666
442,1.2089999914169312,1.781000018119812,44.80862301333333,-79.96604128
443,1.218999981880188,1.8049999475479126,44.808622755,-79.96604108833333
444,1.2330000400543213,1.8200000524520874,44.808622856666666,-79.96604067833333
445,1.2389999628067017,1.840000033378601,44.80862332666667,-79.96603962166667
446,1.24399995803833,1.850000023841858,44.808623198333336,-79.96603913666667
447,1.253000020980835,1.8559999465942383,44.80862332666667,-79.966038875
448,1.2630000114440918,1.871000051498413,44.808623188333335,-79.96603881333333
449,1.2730000019073486,1.8860000371932983,44.80862298666667,-79.96603882166667
450,1.2999999523162842,1.899999976158142,44.80862258,-79.96603858666667
451,1.315999984741211,1.940000057220459,44.80862254,-79.96603796666666
452,1.3300000429153442,1.9639999866485596,44.80862284166667,-79.96603669333334
453,1.3830000162124634,1.9850000143051147,44.80862278,-79.96603624
454,1.4049999713897705,2.063999891281128,44.80862289,-79.96603573166666
455,1.430999994277954,2.0969998836517334,44.80862298666667,-79.96603573833333
456,1.4800000190734863,2.13700008392334,44.80862282166667,-79.96603572
457,1.5410000085830688,2.2090001106262207,44.80862271833333,-79.96603559833333
458,1.5950000286102295,2.299999952316284,44.808622523333334,-79.96603532333333
459,1.628000020980835,2.380000114440918,44.80862224166667,-79.96603525
460,1.6749999523162842,2.430000066757202,44.808622103333335,-79.96603506333334
461,1.718000054359436,2.5,44.808622111666665,-79.96603491333333
462,1.7699999809265137,2.563999891281128,44.808621761666664,-79.96603455833333
463,1.8320000171661377,2.6419999599456787,44.808621773333336,-79.96603449166666
464,1.059000015258789,2.7339999675750732,44.808621583333334,-79.96603455833333
465,1.0420000553131104,1.5820000171661377,44.80862160833333,-79.96603474
466,1.0149999856948853,1.5549999475479126,44.80862144333334,-79.96603532833333
467,1.0989999771118164,1.5160000324249268,44.80862148166667,-79.966035305
468,1.1160000562667847,1.6399999856948853,44.80862147166667,-79.96603498166667
469,1.5010000467300415,1.6649999618530273,44.808621718333335,-79.96603487166666
470,1.6469999551773071,2.240999937057495,44.80862161833333,-79.96603488833334
471,1.5859999656677246,2.4579999446868896,44.808621645,-79.96603505833333
472,1.524999976158142,2.367000102996826,44.808621628333334,-79.96603471666667
473,1.4759999513626099,2.2769999504089355,44.808621478333336,-79.96603424833333
474,1.4019999504089355,2.203000068664551,44.808621026666664,-79.96603265833333
475,1.4579999446868896,2.0929999351501465,44.80862071666667,-79.96603196833334
476,1.0729999542236328,2.1760001182556152,44.808620428333334,-79.96603094833333
477,1.0889999866485596,1.6019999980926514,44.808620356666665,-79.96603052833333
478,1.0950000286102295,1.6260000467300415,44.80862036333333,-79.96603018833333
479,1.0679999589920044,1.6349999904632568,44.808620635,-79.96602989833333
480,1.0779999494552612,1.5950000286102295,44.808620751666666,-79.96602984833333
481,1.0579999685287476,1.6100000143051147,44.808620221666665,-79.96602887333333
482,1.0700000524520874,1.5789999961853027,44.8086199,-79.96602817666667
483,1.0829999446868896,1.597000002861023,44.80861968166667,-79.96602769
484,1.1059999465942383,1.6169999837875366,44.808619101666665,-79.96602670666667
485,1.1299999952316284,1.6510000228881836,44.80861911833333,-79.9660264
486,1.1399999856948853,1.687000036239624,44.808618885,-79.96602561
487,1.1540000438690186,1.7009999752044678,44.80861865833333,-79.96602527666667
488,1.1109999418258667,1.722000002861023,44.808618355,-79.96602443166667
489,1.1230000257492065,1.659000039100647,44.808617975,-79.96602397666666
490,1.1330000162124634,1.6759999990463257,44.80861765833333,-79.96602357333333
491,1.1410000324249268,1.690999984741211,44.808617205,-79.96602278666667
492,1.1510000228881836,1.7029999494552612,44.808617188333336,-79.96602232166667
493,1.1579999923706055,1.718000054359436,44.80861732666666,-79.96602169333333
494,1.1480000019073486,1.7289999723434448,44.808617498333334,-79.96602137166667
495,1.128999948501587,1.7139999866485596,44.808617325,-79.96602065666667
496,1.1180000305175781,1.6859999895095825,44.80861749333334,-79.96602048166666
497,1.1139999628067017,1.6690000295639038,44.80861739833333,-79.96602006166667
498,1.1260000467300415,1.6629999876022339,44.808617518333335,-79.966019415
499,1.1440000534057617,1.6799999475479126,44.80861767166667,-79.96601918666667
500,1.152999997138977,1.7079999446868896,44.808617653333336,-79.96601855666667
501,1.1629999876022339,1.7209999561309814,44.80861762666667,-79.96601819166666
502,1.1679999828338623,1.7359999418258667,44.808617595,-79.966017735
503,1.1490000486373901,1.7430000305175781,44.8086176,-79.96601746166667
504,1.1419999599456787,1.715999960899353,44.808617588333334,-79.966017125
505,1.1399999856948853,1.7039999961853027,44.80861759,-79.96601656
506,1.1339999437332153,1.7020000219345093,44.80861744,-79.96601620833333
507,1.1169999837875366,1.6920000314712524,44.808617201666664,-79.96601554833333
508,1.1080000400543213,1.6679999828338623,44.80861724166667,-79.96601528666666
509,1.100000023841858,1.6549999713897705,44.80861741,-79.96601509666667
510,1.093999981880188,1.6419999599456787,44.80861727333333,-79.96601484
511,1.090999960899353,1.6339999437332153,44.808616928333336,-79.96601455833333
512,1.0880000591278076,1.628000020980835,44.808616525,-79.96601417166667
513,1.0880000591278076,1.6239999532699585,44.80861650833333,-79.96601404166667
514,1.097000002861023,1.6239999532699585,44.80861627,-79.96601398833333
515,1.1030000448226929,1.6369999647140503,44.808615823333334,-79.96601373
516,1.1100000143051147,1.6469999551773071,44.80861489666667,-79.96601354666667
517,1.1100000143051147,1.656999945640564,44.808614015,-79.96601324666666
518,1.1059999465942383,1.656000018119812,44.80861298333333,-79.96601304
519,1.1069999933242798,1.649999976158142,44.80861247666667,-79.966013075
520,1.1039999723434448,1.6519999504089355,44.808611825,-79.966013045
521,1.0989999771118164,1.6480000019073486,44.808610161666664,-79.96601274833333
522,1.1080000400543213,1.6410000324249268,44.80860946833333,-79.96601268166667
523,1.1169999837875366,1.6540000438690186,44.808607671666664,-79.966012505
524,1.1139999628067017,1.6670000553131104,44.80860669,-79.96601234
525,1.121999979019165,1.6629999876022339,44.808604985,-79.96601264
526,1.11899995803833,1.6749999523162842,44.80860444666666,-79.96601277166667
527,1.1360000371932983,1.6699999570846558,44.808603428333335,-79.96601269833333
528,1.1330000162124634,1.6959999799728394,44.808601535,-79.96601279166667
529,1.1469999551773071,1.690999984741211,44.808600616666666,-79.96601281333334
530,1.1440000534057617,1.7120000123977661,44.80859828333333,-79.96601266333333
531,1.1579999923706055,1.7070000171661377,44.808597381666665,-79.96601300833333
532,1.1720000505447388,1.7280000448226929,44.80859553,-79.96601310333334
533,1.1829999685287476,1.75,44.80859460166667,-79.96601311166667
534,1.2029999494552612,1.7660000324249268,44.808593443333336,-79.96601332833333
535,1.218999981880188,1.7960000038146973,44.80859127666667,-79.966013585
536,1.2450000047683716,1.8200000524520874,44.80859057,-79.966013945
537,1.2649999856948853,1.8589999675750732,44.80858880666667,-79.96601454
538,1.281999945640564,1.8880000114440918,44.808588203333336,-79.96601491833333
539,1.2970000505447388,1.9140000343322754,44.80858591166667,-79.96601502666667
540,1.3200000524520874,1.9359999895095825,44.80858498333333,-79.966015515
541,1.340000033378601,1.9709999561309814,44.808583778333336,-79.96601579833333
542,1.3619999885559082,2.0,44.808581851666666,-79.96601618
543,1.3910000324249268,2.0329999923706055,44.80858112166667,-79.96601659666666
544,1.4220000505447388,2.0759999752044678,44.80857875,-79.96601692166666
545,1.4450000524520874,2.122999906539917,44.80857764833333,-79.96601715166666
546,1.4700000286102295,2.1570000648498535,44.80857614166667,-79.96601786666666
547,1.4889999628067017,2.194999933242798,44.80857494666667,-79.96601796833333
548,1.5230000019073486,2.2230000495910645,44.80857286333333,-79.96601833666666
549,1.5260000228881836,2.2730000019073486,44.80857177666667,-79.96601850666667
550,1.555999994277954,2.2780001163482666,44.80857069666666,-79.96601855666667
551,1.5740000009536743,2.322000026702881,44.808567976666666,-79.96601887166666
552,1.590000033378601,2.3499999046325684,44.808566748333334,-79.96601895333333
553,1.590999960899353,2.372999906539917,44.808565075,-79.96601957666667
554,1.5720000267028809,2.375,44.80856415,-79.96601969666666
555,1.6100000143051147,2.3469998836517334,44.80856231166667,-79.96602011
556,1.6299999952316284,2.4030001163482666,44.80856090166667,-79.96601984833333
557,1.6490000486373901,2.433000087738037,44.808559965,-79.96602034
558,1.6770000457763672,2.4609999656677246,44.80855745833333,-79.96602035
559,1.7009999752044678,2.503999948501587,44.808556323333335,-79.96602046333334
560,1.718000054359436,2.5380001068115234,44.80855438,-79.96602076666667
561,1.7359999418258667,2.565000057220459,44.808553366666665,-79.96602086166666
562,1.75,2.5920000076293945,44.808551445,-79.96602113
563,1.7630000114440918,2.611999988555908,44.80855028333333,-79.96602125666666
564,1.7690000534057617,2.63100004196167,44.808549518333336,-79.96602142166667
565,1.7790000438690186,2.6410000324249268,44.80854755166666,-79.96602160666667
566,1.7979999780654907,2.6549999713897705,44.80854644666667,-79.96602165333333
567,1.815000057220459,2.683000087738037,44.80854458333334,-79.96602197333333
568,1.8300000429153442,2.7090001106262207,44.80854358166667,-79.96602191833334
569,1.8609999418258667,2.7320001125335693,44.80854137833333,-79.96602205833334
570,1.8830000162124634,2.7780001163482666,44.80854045833333,-79.9660221
571,1.8949999809265137,2.811000108718872,44.808539511666666,-79.96602209666666
572,1.9149999618530273,2.8289999961853027,44.80853699833333,-79.96602208333333
573,1.944000005722046,2.8580000400543213,44.808535668333334,-79.966022045
574,1.968000054359436,2.9010000228881836,44.80853399833333,-79.966022055
575,1.9889999628067017,2.937000036239624,44.80853300166667,-79.96602223166667
576,1.9980000257492065,2.9690001010894775,44.808530381666664,-79.966022025
577,2.013000011444092,2.9820001125335693,44.80852937666667,-79.96602201
578,2.0220000743865967,3.003999948501587,44.808527131666665,-79.96602192
579,2.0320000648498535,3.0179998874664307,44.80852625,-79.966022075
580,2.046999931335449,3.0329999923706055,44.808524956666666,-79.96602192
581,2.053999900817871,3.055000066757202,44.808523181666665,-79.966021985
582,2.063999891281128,3.065999984741211,44.80852175166667,-79.96602180666666
583,2.0769999027252197,3.0810000896453857,44.80851958666667,-79.966021735
584,2.0889999866485596,3.0999999046325684,44.80851861166666,-79.96602172833333
585,2.0969998836517334,3.117000102996826,44.808516553333334,-79.96602163666667
586,2.0989999771118164,3.130000114440918,44.80851541166667,-79.96602154166666
587,2.0999999046325684,3.134000062942505,44.80851335333333,-79.966021365
588,2.1010000705718994,3.134999990463257,44.808512363333335,-79.96602125333334
589,2.0929999351501465,3.135999917984009,44.808510883333334,-79.96602107333334
590,2.0799999237060547,3.122999906539917,44.80850845166667,-79.966021
591,2.0739998817443848,3.1050000190734863,44.808507551666665,-79.96602087833334
592,2.063999891281128,3.0950000286102295,44.80850556,-79.96602068833333
593,2.059000015258789,3.0799999237060547,44.80850447833333,-79.96602075666667
594,2.059000015258789,3.072999954223633,44.80850204833333,-79.96602034
595,2.0439999103546143,3.072999954223633,44.808501148333335,-79.96602015666667
596,2.0290000438690186,3.0510001182556152,44.80849878833333,-79.96601986166667
597,2.0230000019073486,3.0280001163482666,44.80849770333333,-79.966019705
598,2.0199999809265137,3.0199999809265137,44.808496348333335,-79.966019585
599,2.0209999084472656,3.0160000324249268,44.808494155,-79.96601913333333
600,2.01200008392334,3.0169999599456787,44.808493395,-79.96601908166667
601,2.013000011444092,3.003000020980835,44.808490963333334,-79.96601871333333
602,1.9989999532699585,3.005000114440918,44.80848995,-79.96601838666666
603,1.968000054359436,2.9830000400543213,44.80848781,-79.96601813
604,1.9910000562667847,2.937000036239624,44.808486433333336,-79.966017825
605,2.01200008392334,2.9719998836517334,44.808485545,-79.96601755
606,2.0299999713897705,3.003000020980835,44.80848286333333,-79.96601691
607,2.0309998989105225,3.0309998989105225,44.808481271666665,-79.96601666666666
608,2.049999952316284,3.0320000648498535,44.808479096666666,-79.96601606833333
609,2.0480000972747803,3.059000015258789,44.80847781166667,-79.96601587166667
610,2.0739998817443848,3.055999994277954,44.80847553,-79.966015355
611,2.0950000286102295,3.0959999561309814,44.808474025,-79.96601504666667
612,2.117000102996826,3.127000093460083,44.808472398333336,-79.966014555
613,2.1589999198913574,3.1610000133514404,44.80847082,-79.96601413166667
614,2.1730000972747803,3.2230000495910645,44.80846878333333,-79.966013615
615,2.1740000247955322,3.243000030517578,44.80846769833333,-79.96601325333333
616,2.200000047683716,3.244999885559082,44.80846678666666,-79.96601286833334
617,2.2190001010894775,3.2839999198913574,44.808464771666664,-79.96601226166666
618,2.2290000915527344,3.312000036239624,44.8084637,-79.96601186333334
619,2.246999979019165,3.328000068664551,44.808461746666666,-79.96601116166667
620,2.2699999809265137,3.3540000915527344,44.808460605,-79.96601071
621,2.2899999618530273,3.3889999389648438,44.808458636666664,-79.966010095
622,2.3380000591278076,3.4179999828338623,44.80845764,-79.96600961666667
623,2.3519999980926514,3.489000082015991,44.808455638333335,-79.96600891833333
624,2.371000051498413,3.510999917984009,44.80845466,-79.966008425
625,2.369999885559082,3.5399999618530273,44.808453676666666,-79.96600801333334
626,2.369999885559082,3.5369999408721924,44.80845162666667,-79.96600717666666
627,2.4019999504089355,3.5369999408721924,44.808450738333335,-79.96600667666667
628,2.4070000648498535,3.5850000381469727,44.808448758333334,-79.96600589666667
629,2.4149999618530273,3.5929999351501465,44.808447825,-79.966005405
630,2.4260001182556152,3.6040000915527344,44.80844587166666,-79.96600452333334
631,2.430000066757202,3.621000051498413,44.80844496666667,-79.96600394166667
632,2.433000087738037,3.627000093460083,44.80844301166667,-79.966003025
633,2.427999973297119,3.63100004196167,44.808442055,-79.96600239
634,2.428999900817871,3.625,44.808441125,-79.966001905
635,2.4260001182556152,3.625,44.808439203333336,-79.96600083
636,2.424999952316284,3.621000051498413,44.808438261666666,-79.966000235
637,2.424999952316284,3.61899995803833,44.80843640333333,-79.96599910833334
638,2.424999952316284,3.61899995803833,44.80843535166667,-79.96599854
639,2.4210000038146973,3.61899995803833,44.80843391,-79.96599759166666
640,2.4119999408721924,3.61299991607666,44.80843309833333,-79.96599706333333
641,2.4049999713897705,3.5999999046325684,44.80843169333333,-79.96599617666666
642,2.4040000438690186,3.5889999866485596,44.80843093,-79.965995545
643,2.4059998989105225,3.5889999866485596,44.808430451666666,-79.965995305
644,2.38700008392334,3.5910000801086426,44.808429268333335,-79.96599440166666
645,2.369999885559082,3.562999963760376,44.80842896,-79.96599422
646,2.365000009536743,3.5380001068115234,44.808428125,-79.965993615
647,2.3610000610351562,3.5299999713897705,44.80842789,-79.96599342333333
648,2.3510000705718994,3.5239999294281006,44.80842754,-79.96599323666666
649,2.3410000801086426,3.509000062942505,44.80842738333333,-79.9659932
650,2.3259999752044678,3.49399995803833,44.8084275,-79.96599344166667
651,2.319999933242798,3.4719998836517334,44.808427355,-79.96599347833333
652,2.312000036239624,3.4630000591278076,44.80842745,-79.96599357666666
653,2.313999891281128,3.4509999752044678,44.80842745,-79.96599365
654,2.308000087738037,3.4539999961853027,44.80842761833333,-79.96599382666666
655,2.306999921798706,3.446000099182129,44.80842768666667,-79.965993805
656,2.306999921798706,3.444000005722046,44.808427808333334,-79.965993765
657,2.2980000972747803,3.443000078201294,44.808427873333336,-79.96599361833333
658,2.2929999828338623,3.430000066757202,44.808428076666665,-79.96599365
659,2.2880001068115234,3.421999931335449,44.80842860166667,-79.965993695
660,2.2939999103546143,3.4149999618530273,44.808429073333336,-79.96599371333333
661,2.2950000762939453,3.4240000247955322,44.808429391666664,-79.96599369833334
662,2.2860000133514404,3.4260001182556152,44.80843076666667,-79.96599378666667
663,2.2699999809265137,3.4130001068115234,44.808431105,-79.96599368
664,2.2760000228881836,3.388000011444092,44.808431731666666,-79.96599347333333
665,2.2809998989105225,3.3970000743865967,44.80843222666667,-79.96599337
666,2.2869999408721924,3.4049999713897705,44.80843274833333,-79.96599293833333
667,2.2839999198913574,3.4130001068115234,44.80843303,-79.96599288166666
668,2.2929999828338623,3.4089999198913574,44.80843401,-79.96599286666667
669,2.2960000038146973,3.421999931335449,44.808433925,-79.965992535
670,2.296999931335449,3.427000045776367,44.808433963333336,-79.96599235333333
671,2.296999931335449,3.428999900817871,44.808434111666664,-79.96599197833334
672,2.2980000972747803,3.428999900817871,44.808434266666666,-79.965991965
673,2.2929999828338623,3.430000066757202,44.808434326666664,-79.965991875
674,2.296999931335449,3.421999931335449,44.808434358333336,-79.96599174166667
675,2.299999952316284,3.428999900817871,44.8084342,-79.965991645
676,2.303999900817871,3.433000087738037,44.808433871666665,-79.96599181666667
677,2.305000066757202,3.438999891281128,44.80843291833333,-79.96599306
678,2.2980000972747803,3.440999984741211,44.80843219,-79.96599383166667
679,2.305000066757202,3.430000066757202,44.80843069833333,-79.96599589166667
680,2.311000108718872,3.440999984741211,44.80843003166667,-79.965997
681,2.321000099182129,3.4489998817443848,44.80842938333333,-79.96599801166667
682,2.3350000381469727,3.4639999866485596,44.80842836833333,-79.96600003166667
683,2.3580000400543213,3.484999895095825,44.808427908333336,-79.96600083666667
684,2.378999948501587,3.5190000534057617,44.80842709833333,-79.966002575
685,2.390000104904175,3.549999952316284,44.808426878333336,-79.96600336833333
686,2.4010000228881836,3.566999912261963,44.808426241666666,-79.96600467166667
687,2.4189999103546143,3.5840001106262207,44.80842586833333,-79.96600537666667
688,2.427000045776367,3.6110000610351562,44.80842571,-79.96600590833333
689,2.431999921798706,3.622999906539917,44.80842504,-79.96600706
690,2.447999954223633,3.630000114440918,44.808424855,-79.96600765
691,2.4670000076293945,3.6540000438690186,44.80842429166667,-79.96600883
692,2.4839999675750732,3.681999921798706,44.808424036666665,-79.96600936833333
693,2.503999948501587,3.7070000171661377,44.80842346833333,-79.96601029833333
694,2.5190000534057617,3.736999988555908,44.80842317333333,-79.96601084666666
695,2.5320000648498535,3.759000062942505,44.80842285666667,-79.966011865
696,2.5490000247955322,3.7790000438690186,44.80842272833333,-79.966012385
697,2.563999891281128,3.803999900817871,44.808422525,-79.96601316333333
698,2.5859999656677246,3.8269999027252197,44.808422485,-79.96601375833333
699,2.6080000400543213,3.8610000610351562,44.80842260166666,-79.966014475
700,2.615000009536743,3.8929998874664307,44.80842305666667,-79.96601648666666
701,2.621999979019165,3.9030001163482666,44.80842341333334,-79.96601742833333
702,2.631999969482422,3.9130001068115234,44.80842394166667,-79.96601914333333
703,2.63700008392334,3.927999973297119,44.80842421166667,-79.96601994
704,2.6389999389648438,3.936000108718872,44.808424775,-79.96602143166666
705,2.6459999084472656,3.938999891281128,44.80842511666667,-79.96602214166667
706,2.6559998989105225,3.9489998817443848,44.808425713333335,-79.96602350166667
707,2.6440000534057617,3.9639999866485596,44.808426065,-79.96602414333333
708,2.6480000019073486,3.947000026702881,44.80842676333333,-79.966025425
709,2.6630001068115234,3.9519999027252197,44.80842715,-79.96602597166667
710,2.671999931335449,3.9760000705718994,44.808427595,-79.96602657666666
711,2.6730000972747803,3.989000082015991,44.808428365,-79.96602766833334
712,2.678999900817871,3.990000009536743,44.80842878333333,-79.96602820666666
713,2.687000036239624,3.999000072479248,44.80842946,-79.96602943
714,2.691999912261963,4.010000228881836,44.80842984833333,-79.96602999333334
715,2.697000026702881,4.01800012588501,44.808430611666665,-79.96603093333333
716,2.703000068664551,4.026000022888184,44.80843105833333,-79.96603117833334
717,2.700000047683716,4.033999919891357,44.8084319,-79.96603205166667
718,2.7070000171661377,4.0289998054504395,44.808432266666664,-79.96603232
719,2.7139999866485596,4.039999961853027,44.808433205,-79.96603306166666
720,2.7219998836517334,4.050000190734863,44.80843374333333,-79.96603324833333
721,2.7269999980926514,4.063000202178955,44.80843423333334,-79.96603343666666
722,2.7320001125335693,4.071000099182129,44.808435135,-79.96603376833333
723,2.734999895095825,4.078000068664551,44.80843564166667,-79.96603395166667
724,2.7339999675750732,4.081999778747559,44.808436485,-79.966034085
725,2.7279999256134033,4.080999851226807,44.80843694833333,-79.96603422166666
726,2.7239999771118164,4.072000026702881,44.80843785333333,-79.966034295
727,2.742000102996826,4.065999984741211,44.808438315,-79.96603442666667
728,2.747999906539917,4.0929999351501465,44.80843909666667,-79.96603464333333
729,2.753000020980835,4.10099983215332,44.80843943833333,-79.966034605
730,2.752000093460083,4.110000133514404,44.808440018333336,-79.96603469666667
731,2.759999990463257,4.107999801635742,44.80844032833333,-79.966034665
732,2.76200008392334,4.119999885559082,44.80844044333333,-79.96603470666666
733,2.760999917984009,4.122000217437744,44.808440698333335,-79.96603477666666
734,2.763000011444092,4.120999813079834,44.80844074666667,-79.96603478333333
735,2.765000104904175,4.124000072479248,44.80844060333333,-79.96603481333334
736,2.759000062942505,4.127999782562256,44.808440435,-79.966034855
737,2.765000104904175,4.11899995803833,44.808439826666664,-79.96603482333333
738,2.7669999599456787,4.126999855041504,44.80843939333333,-79.966034815
739,2.7679998874664307,4.129000186920166,44.80843858,-79.96603472666666
740,2.765000104904175,4.13100004196167,44.80843808833333,-79.96603473
741,2.7660000324249268,4.127999782562256,44.80843715666666,-79.96603456833333
742,2.7720000743865967,4.127999782562256,44.80843664,-79.966034555
743,2.7769999504089355,4.13700008392334,44.80843605333333,-79.96603448
744,2.7839999198913574,4.144999980926514,44.80843455666667,-79.96603442333333
745,2.7899999618530273,4.156000137329102,44.808433853333334,-79.96603439833333
746,2.7939999103546143,4.164999961853027,44.80843224666667,-79.96603445333334
747,2.7929999828338623,4.170000076293945,44.80843137,-79.966034385
748,2.796999931335449,4.169000148773193,44.80842946,-79.96603449666667
749,2.7960000038146973,4.175000190734863,44.80842859,-79.96603447833333
750,2.802000045776367,4.172999858856201,44.808426796666666,-79.96603446
751,2.7960000038146973,4.182000160217285,44.808426355,-79.96603440333334
752,2.7980000972747803,4.172999858856201,44.808426241666666,-79.96603455166667
753,2.802999973297119,4.176000118255615,44.80842618,-79.9660346
754,2.805000066757202,4.184000015258789,44.808426086666664,-79.96603493833334
755,2.805999994277954,4.186999797821045,44.80842594166667,-79.96603510666667
756,2.813999891281128,4.189000129699707,44.808425775,-79.96603519666667
757,2.816999912261963,4.199999809265137,44.8084256,-79.96603554000001
758,2.815999984741211,4.204999923706055,44.808425545,-79.96603566
759,2.811000108718872,4.203999996185303,44.80842526166666,-79.966035955
760,2.811000108718872,4.196000099182129,44.808425138333334,-79.96603601666666
761,2.813999891281128,4.196000099182129,44.808424986666665,-79.96603636
762,2.809000015258789,4.201000213623047,44.80842482166667,-79.966036575
763,2.805999994277954,4.191999912261963,44.808424808333335,-79.96603682833333
764,2.811000108718872,4.188000202178955,44.808424425,-79.96603671666666
765,2.812999963760376,4.196000099182129,44.808424691666666,-79.96603707833333
766,2.815999984741211,4.198999881744385,44.8084242,-79.96603714833333
767,2.815999984741211,4.203999996185303,44.808424548333335,-79.96603735166667
768,2.813999891281128,4.203000068664551,44.80842457166667,-79.96603755833334
769,2.813999891281128,4.199999809265137,44.80842496333333,-79.96603778833334
770,2.815999984741211,4.199999809265137,44.80842628833334,-79.96603712166667
771,2.819000005722046,4.203000068664551,44.808426778333335,-79.96603730666666
772,2.815999984741211,4.206999778747559,44.80842768833333,-79.96603763833333
773,2.812000036239624,4.203999996185303,44.80842810833333,-79.96603808333333
774,2.808000087738037,4.197999954223633,44.80842916833333,-79.96603852
775,2.809999942779541,4.191999912261963,44.80842974833333,-79.96603876166667
776,2.808000087738037,4.193999767303467,44.80843095666667,-79.96603923666666
777,2.809000015258789,4.190999984741211,44.80843178,-79.96603951166666
778,2.816999912261963,4.192999839782715,44.80843240666667,-79.96603971333333
779,2.822999954223633,4.203999996185303,44.808433963333336,-79.96604015666666
780,2.828000068664551,4.214000225067139,44.808434743333336,-79.96604037
781,2.828000068664551,4.2210001945495605,44.80843650166667,-79.966040615
782,2.8259999752044678,4.2210001945495605,44.80843727166667,-79.96604096833333
783,2.8269999027252197,4.218999862670898,44.808439025,-79.96604123166667
784,2.8239998817443848,4.218999862670898,44.80843998666667,-79.966041365
785,2.825000047683716,4.215000152587891,44.808441845,-79.96604146333334
786,2.8299999237060547,4.2170000076293945,44.80844264666667,-79.96604172833334
787,2.8359999656677246,4.223999977111816,44.808444533333336,-79.96604177833333
788,2.8399999141693115,4.232999801635742,44.80844552166667,-79.96604166166667
789,2.8570001125335693,4.239999771118164,44.80844641833333,-79.9660417
790,2.8489999771118164,4.263999938964844,44.80844641833333,-79.9660417
791,2.8499999046325684,4.252999782562256,44.80844641833333,-79.9660417
792,2.8510000705718994,4.254000186920166,44.80844641833333,-79.9660417
793,2.8529999256134033,4.25600004196167,44.80844641833333,-79.9660417
794,2.8529999256134033,4.258999824523926,44.80844641833333,-79.9660417
795,2.8519999980926514,4.257999897003174,44.80844641833333,-79.9660417
796,2.8499999046325684,4.25600004196167,44.80844641833333,-79.9660417
797,2.8480000495910645,4.252999782562256,44.80844641833333,-79.9660417
798,2.8420000076293945,4.250999927520752,44.80844641833333,-79.9660417
799,2.8350000381469727,4.242000102996826,44.80844641833333,-79.9660417
800,2.812000036239624,4.230999946594238,44.80844641833333,-79.9660417
801,2.7950000762939453,4.197000026702881,44.80844641833333,-79.9660417
802,2.7880001068115234,4.171999931335449,44.80844641833333,-79.9660417
803,2.7860000133514404,4.160999774932861,44.80844641833333,-79.9660417
804,2.7750000953674316,4.1579999923706055,44.80844641833333,-79.9660417
805,2.7669999599456787,4.142000198364258,44.80844641833333,-79.9660417
806,2.756999969482422,4.130000114440918,44.80844641833333,-79.9660417
807,2.743000030517578,4.116000175476074,44.80844641833333,-79.9660417
808,2.7309999465942383,4.093999862670898,44.80844641833333,-79.9660417
809,2.7049999237060547,4.076000213623047,44.80844641833333,-79.9660417
810,2.693000078201294,4.0370001792907715,44.80844641833333,-79.9660417
811,2.680000066757202,4.019000053405762,44.80844641833333,-79.9660417
812,2.677999973297119,4.0,44.80844641833333,-79.9660417
813,2.6730000972747803,3.996999979019165,44.80844641833333,-79.9660417
814,2.6710000038146973,3.989000082015991,44.80844641833333,-79.9660417
815,2.6579999923706055,3.986999988555908,44.80844641833333,-79.9660417
816,2.6540000438690186,3.9679999351501465,44.80844641833333,-79.9660417
817,2.63700008392334,3.9609999656677246,44.80844641833333,-79.9660417
818,2.625,3.936000108718872,44.80844641833333,-79.9660417
819,2.61299991607666,3.9189999103546143,44.80844641833333,-79.9660417
820,2.6089999675750732,3.9000000953674316,44.80844641833333,-79.9660417
821,2.61299991607666,3.8940000534057617,44.80844641833333,-79.9660417
822,2.611999988555908,3.9000000953674316,44.80844641833333,-79.9660417
823,2.5910000801086426,3.8989999294281006,44.80844641833333,-79.9660417
824,2.5829999446868896,3.868000030517578,44.80844641833333,-79.9660417
825,2.558000087738037,3.8559999465942383,44.80844641833333,-79.9660417
826,2.5490000247955322,3.818000078201294,44.80844641833333,-79.9660417
827,2.552999973297119,3.805000066757202,44.80844641833333,-79.9660417
828,2.546999931335449,3.811000108718872,44.80844641833333,-79.9660417
829,2.5309998989105225,3.802000045776367,44.80844641833333,-79.9660417
830,2.5179998874664307,3.7780001163482666,44.80844641833333,-79.9660417
831,2.500999927520752,3.759000062942505,44.80844641833333,-79.9660417
832,2.494999885559082,3.7330000400543213,44.80844641833333,-79.9660417
833,2.4839999675750732,3.7239999771118164,44.80844641833333,-79.9660417
834,2.4630000591278076,3.7079999446868896,44.80844641833333,-79.9660417
835,2.4579999446868896,3.6760001182556152,44.80844641833333,-79.9660417
836,2.447999954223633,3.6689999103546143,44.80844641833333,-79.9660417
837,2.433000087738037,3.6530001163482666,44.80844641833333,-79.9660417
838,2.4089999198913574,3.63100004196167,44.80844641833333,-79.9660417
839,2.3929998874664307,3.5950000286102295,44.80844641833333,-79.9660417
840,2.381999969482422,3.572000026702881,44.80844641833333,-79.9660417
841,2.3580000400543213,3.555000066757202,44.80844641833333,-79.9660417
842,2.3350000381469727,3.5199999809265137,44.80844641833333,-79.9660417
843,2.3329999446868896,3.4860000610351562,44.80844641833333,-79.9660417
844,2.313999891281128,3.4830000400543213,44.80844641833333,-79.9660417
845,2.306999921798706,3.4549999237060547,44.80844641833333,-79.9660417
846,2.302000045776367,3.443000078201294,44.80844641833333,-79.9660417
847,2.2769999504089355,3.437000036239624,44.80844641833333,-79.9660417
848,2.257999897003174,3.3989999294281006,44.80844641833333,-79.9660417
849,2.260999917984009,3.371000051498413,44.80844641833333,-79.9660417
850,2.25600004196167,3.375,44.80844641833333,-79.9660417
851,2.249000072479248,3.368000030517578,44.80844641833333,-79.9660417
852,2.240000009536743,3.3580000400543213,44.80844641833333,-79.9660417
853,2.2239999771118164,3.3440001010894775,44.80844641833333,-79.9660417
854,2.2279999256134033,3.319000005722046,44.80844641833333,-79.9660417
855,2.2249999046325684,3.3259999752044678,44.80844641833333,-79.9660417
856,2.2179999351501465,3.319999933242798,44.80844641833333,-79.9660417
857,2.2249999046325684,3.311000108718872,44.80844641833333,-79.9660417
858,2.2339999675750732,3.322000026702881,44.80844641833333,-79.9660417
859,2.2060000896453857,3.3350000381469727,44.80844641833333,-79.9660417
860,2.2049999237060547,3.2929999828338623,44.80844641833333,-79.9660417
861,2.2119998931884766,3.2909998893737793,44.80844641833333,-79.9660417
862,2.2170000076293945,3.3010001182556152,44.80844641833333,-79.9660417
863,2.2309999465942383,3.309000015258789,44.80844641833333,-79.9660417
864,2.2339999675750732,3.3299999237060547,44.80844641833333,-79.9660417
865,2.2170000076293945,3.3350000381469727,44.80844641833333,-79.9660417
866,2.2079999446868896,3.309000015258789,44.80844641833333,-79.9660417
867,2.2070000171661377,3.2950000762939453,44.80844641833333,-79.9660417
868,2.2279999256134033,3.2939999103546143,44.80844641833333,-79.9660417
869,2.190000057220459,3.325000047683716,44.80844641833333,-79.9660417
870,2.181999921798706,3.2690000534057617,44.80844641833333,-79.9660417
871,2.190999984741211,3.256999969482422,44.80844641833333,-79.9660417
872,2.177000045776367,3.2709999084472656,44.80844641833333,-79.9660417
873,2.174999952316284,3.249000072479248,44.80844641833333,-79.9660417
874,2.1579999923706055,3.246999979019165,44.80844641833333,-79.9660417
875,2.13100004196167,3.2209999561309814,44.80844641833333,-79.9660417
876,2.122999906539917,3.180999994277954,44.80844641833333,-79.9660417
877,2.1110000610351562,3.1689999103546143,44.80844641833333,-79.9660417
878,2.111999988555908,3.1500000953674316,44.80844641833333,-79.9660417
879,2.109999895095825,3.1519999504089355,44.80844641833333,-79.9660417
880,2.1029999256134033,3.1489999294281006,44.80844641833333,-79.9660417
881,2.0899999141693115,3.140000104904175,44.80844641833333,-79.9660417
882,2.0829999446868896,3.119999885559082,44.80844641833333,-79.9660417
883,2.0759999752044678,3.1089999675750732,44.80844641833333,-79.9660417
884,2.066999912261963,3.0980000495910645,44.80844641833333,-79.9660417
885,2.062000036239624,3.0850000381469727,44.80844641833333,-79.9660417
886,2.0480000972747803,3.0769999027252197,44.80844641833333,-79.9660417
887,2.0439999103546143,3.055999994277954,44.80844641833333,-79.9660417
888,2.0399999618530273,3.049999952316284,44.80844641833333,-79.9660417
889,2.0510001182556152,3.0450000762939453,44.80844641833333,-79.9660417
890,2.0510001182556152,3.061000108718872,44.80844641833333,-79.9660417
891,2.053999900817871,3.062000036239624,44.80844641833333,-79.9660417
892,2.055999994277954,3.065999984741211,44.80844641833333,-79.9660417
893,2.058000087738037,3.069000005722046,44.80844641833333,-79.9660417
894,2.061000108718872,3.072000026702881,44.80844641833333,-79.9660417
895,2.056999921798706,3.0769999027252197,44.80844641833333,-79.9660417
896,2.055999994277954,3.069999933242798,44.80844641833333,-79.9660417
897,2.049999952316284,3.068000078201294,44.80844641833333,-79.9660417
898,2.0350000858306885,3.059999942779541,44.80844641833333,-79.9660417
899,2.0309998989105225,3.0369999408721924,44.80844641833333,-79.9660417
900,2.009000062942505,3.0309998989105225,44.80844641833333,-79.9660417
901,2.0139999389648438,2.999000072479248,44.80844641833333,-79.9660417
902,2.01200008392334,3.00600004196167,44.80844641833333,-79.9660417
903,2.009000062942505,3.003000020980835,44.80844641833333,-79.9660417
904,2.003999948501587,2.999000072479248,44.80844641833333,-79.9660417
905,1.996999979019165,2.990999937057495,44.80844641833333,-79.9660417
906,1.996000051498413,2.9809999465942383,44.80844641833333,-79.9660417
907,1.9730000495910645,2.9800000190734863,44.80844641833333,-79.9660417
908,1.9630000591278076,2.944999933242798,44.80844641833333,-79.9660417
909,1.9589999914169312,2.930000066757202,44.80844641833333,-79.9660417
910,1.9559999704360962,2.924999952316284,44.80844641833333,-79.9660417
911,1.9490000009536743,2.9200000762939453,44.80844641833333,-79.9660417
912,1.9429999589920044,2.9100000858306885,44.80844641833333,-79.9660417
913,1.934999942779541,2.9000000953674316,44.80844641833333,-79.9660417
914,1.9270000457763672,2.8889999389648438,44.80844641833333,-79.9660417
915,1.9210000038146973,2.875999927520752,44.80844641833333,-79.9660417
916,1.9119999408721924,2.867000102996826,44.80844641833333,-79.9660417
917,1.909999966621399,2.8540000915527344,44.80844641833333,-79.9660417
918,1.9110000133514404,2.8499999046325684,44.80844641833333,-79.9660417
919,1.8980000019073486,2.8519999980926514,44.80844641833333,-79.9660417
920,1.902999997138977,2.8329999446868896,44.80844641833333,-79.9660417
921,1.871000051498413,2.8410000801086426,44.80844641833333,-79.9660417
922,1.8530000448226929,2.7929999828338623,44.80844641833333,-79.9660417
923,1.8329999446868896,2.7660000324249268,44.80844641833333,-79.9660417
924,1.815000057220459,2.7360000610351562,44.80844641833333,-79.9660417
925,1.781000018119812,2.7100000381469727,44.80844641833333,-79.9660417
926,1.74399995803833,2.6589999198913574,44.80844641833333,-79.9660417
927,1.7200000286102295,2.6029999256134033,44.80844641833333,-79.9660417
928,1.6990000009536743,2.568000078201294,44.80844641833333,-79.9660417
929,1.6729999780654907,2.5360000133514404,44.80844641833333,-79.9660417
930,1.6430000066757202,2.497999906539917,44.80844641833333,-79.9660417
931,1.6180000305175781,2.4519999027252197,44.80844641833333,-79.9660417
932,1.628999948501587,2.4149999618530273,44.80844641833333,-79.9660417
933,1.6089999675750732,2.431999921798706,44.80844641833333,-79.9660417
934,1.5870000123977661,2.4010000228881836,44.80844641833333,-79.9660417
935,1.562000036239624,2.368000030517578,44.80844641833333,-79.9660417
936,1.5199999809265137,2.3320000171661377,44.80844641833333,-79.9660417
937,1.4620000123977661,2.2690000534057617,44.80844641833333,-79.9660417
938,1.4110000133514404,2.181999921798706,44.80844641833333,-79.9660417
939,1.3799999952316284,2.1059999465942383,44.80844641833333,-79.9660417
940,1.3589999675750732,2.061000108718872,44.80844641833333,-79.9660417
941,1.3819999694824219,2.0290000438690186,44.80844641833333,-79.9660417
942,1.3329999446868896,2.063999891281128,44.80844641833333,-79.9660417
943,1.3240000009536743,1.9900000095367432,44.80844641833333,-79.9660417
944,1.3140000104904175,1.9769999980926514,44.80844641833333,-79.9660417
945,1.3209999799728394,1.9609999656677246,44.80844641833333,-79.9660417
946,1.3300000429153442,1.972000002861023,44.80844641833333,-79.9660417
947,1.3220000267028809,1.9859999418258667,44.80844641833333,-79.9660417
948,1.3179999589920044,1.9739999771118164,44.80844641833333,-79.9660417
949,1.3140000104904175,1.9670000076293945,44.80844641833333,-79.9660417
950,1.3140000104904175,1.9609999656677246,44.80844641833333,-79.9660417
951,1.312999963760376,1.9609999656677246,44.80844641833333,-79.9660417
952,1.312000036239624,1.9600000381469727,44.80844641833333,-79.9660417
953,1.309000015258789,1.9589999914169312,44.80844641833333,-79.9660417
954,1.3109999895095825,1.9529999494552612,44.80844641833333,-79.9660417
955,1.312999963760376,1.9570000171661377,44.80844641833333,-79.9660417
956,1.3259999752044678,1.9600000381469727,44.80844641833333,-79.9660417
957,1.3380000591278076,1.9789999723434448,44.80844641833333,-79.9660417
958,1.3459999561309814,1.996999979019165,44.80844641833333,-79.9660417
959,1.3580000400543213,2.009000062942505,44.80844641833333,-79.9660417
960,1.36899995803833,2.0269999504089355,44.80844641833333,-79.9660417
961,1.3739999532699585,2.0429999828338623,44.80844641833333,-79.9660417
962,1.375,2.049999952316284,44.80844641833333,-79.9660417
963,1.375,2.052999973297119,44.80844641833333,-79.9660417
964,1.3370000123977661,2.052999973297119,44.80844641833333,-79.9660417
965,1.4709999561309814,1.996000051498413,44.80844641833333,-79.9660417
966,1.3760000467300415,2.194999933242798,44.80844641833333,-79.9660417
967,1.3760000467300415,2.053999900817871,44.80844641833333,-79.9660417
968,1.3739999532699585,2.052999973297119,44.80844641833333,-79.9660417
969,1.590999960899353,2.0510001182556152,44.80844641833333,-79.9660417
970,1.6260000467300415,2.375,44.80844641833333,-79.9660417
971,1.315999984741211,2.427000045776367,44.80844641833333,-79.9660417
972,1.2799999713897705,1.9639999866485596,44.80844641833333,-79.9660417
973,1.2869999408721924,1.909999966621399,44.80844641833333,-79.9660417
974,1.2619999647140503,1.9210000038146973,44.80844641833333,-79.9660417
975,1.2610000371932983,1.8839999437332153,44.80844641833333,-79.9660417
976,1.2410000562667847,1.8819999694824219,44.80844641833333,-79.9660417
977,1.2139999866485596,1.8519999980926514,44.80844641833333,-79.9660417
978,1.2289999723434448,1.812000036239624,44.80844641833333,-79.9660417
979,1.1859999895095825,1.8350000381469727,44.80844641833333,-79.9660417
980,1.3899999856948853,1.7710000276565552,44.80844641833333,-79.9660417
981,1.3459999561309814,2.075000047683716,44.80844641833333,-79.9660417
982,1.350000023841858,2.009000062942505,44.80844641833333,-79.9660417
983,1.4079999923706055,2.015000104904175,44.80844641833333,-79.9660417
984,1.1959999799728394,2.1010000705718994,44.80844641833333,-79.9660417
985,1.2239999771118164,1.7860000133514404,44.80844641833333,-79.9660417
986,1.194000005722046,1.8270000219345093,44.80844641833333,-79.9660417
987,1.2100000381469727,1.781999945640564,44.80844641833333,-79.9660417
988,1.2120000123977661,1.8070000410079956,44.80844641833333,-79.9660417
989,1.2269999980926514,1.809000015258789,44.80844641833333,-79.9660417
990,1.2359999418258667,1.8309999704360962,44.80844641833333,-79.9660417
991,1.2430000305175781,1.8459999561309814,44.80844641833333,-79.9660417
992,1.2649999856948853,1.8550000190734863,44.80844641833333,-79.9660417
993,1.2690000534057617,1.8880000114440918,44.80844641833333,-79.9660417
994,1.2879999876022339,1.8949999809265137,44.80844641833333,-79.9660417
995,1.2990000247955322,1.9229999780654907,44.80844641833333,-79.9660417
996,1.2970000505447388,1.9390000104904175,44.80844641833333,-79.9660417
997,1.3179999589920044,1.937000036239624,44.80844641833333,-79.9660417
998,1.3389999866485596,1.9670000076293945,44.80844641833333,-79.9660417
999,1.343999981880188,1.9989999532699585,44.80844641833333,-79.9660417
1000,1.3619999885559082,2.006999969482422,44.80844641833333,-79.9660417
1001,1.3650000095367432,2.0329999923706055,44.80844641833333,-79.9660417
1002,1.3609999418258667,2.0380001068115234,44.80844641833333,-79.9660417
1003,1.3559999465942383,2.0320000648498535,44.80844641833333,-79.9660417
1004,1.3680000305175781,2.0239999294281006,44.80844641833333,-79.9660417
1005,1.3639999628067017,2.0409998893737793,44.80844641833333,-79.9660417
1006,1.3730000257492065,2.0360000133514404,44.80844641833333,-79.9660417
1007,1.3619999885559082,2.049999952316284,44.80844641833333,-79.9660417
1008,1.3600000143051147,2.0329999923706055,44.80844641833333,-79.9660417
1009,1.3619999885559082,2.0299999713897705,44.80844641833333,-79.9660417
1010,1.3619999885559082,2.0339999198913574,44.80844641833333,-79.9660417
1011,1.3480000495910645,2.0320000648498535,44.80844641833333,-79.9660417
1012,1.3229999542236328,2.01200008392334,44.80844641833333,-79.9660417
1013,1.3229999542236328,1.975000023841858,44.80844641833333,-79.9660417
1014,1.3200000524520874,1.975000023841858,44.80844641833333,-79.9660417
1015,1.309000015258789,1.9700000286102295,44.80844641833333,-79.9660417
1016,1.2990000247955322,1.9529999494552612,44.80844641833333,-79.9660417
1017,1.284000039100647,1.937999963760376,44.80844641833333,-79.9660417
1018,1.2710000276565552,1.9170000553131104,44.80844641833333,-79.9660417
1019,1.2669999599456787,1.8969999551773071,44.80844641833333,-79.9660417
1020,1.2589999437332153,1.8919999599456787,44.80844641833333,-79.9660417
1021,1.253999948501587,1.878999948501587,44.80844641833333,-79.9660417
1022,1.24399995803833,1.871999979019165,44.80844641833333,-79.9660417
1023,1.2350000143051147,1.8569999933242798,44.80844641833333,-79.9660417
1024,1.2330000400543213,1.843999981880188,44.80844641833333,-79.9660417
1025,1.222000002861023,1.840000033378601,44.80844641833333,-79.9660417
1026,1.2079999446868896,1.8240000009536743,44.80844641833333,-79.9660417
1027,1.1990000009536743,1.8040000200271606,44.80844641833333,-79.9660417
1028,1.187999963760376,1.7890000343322754,44.80844641833333,-79.9660417
1029,1.1710000038146973,1.7730000019073486,44.80844641833333,-79.9660417
1030,1.1690000295639038,1.7489999532699585,44.80844641833333,-79.9660417
1031,1.1770000457763672,1.746000051498413,44.80844641833333,-79.9660417
1032,1.1859999895095825,1.7569999694824219,44.80844641833333,-79.9660417
1033,1.1790000200271606,1.7699999809265137,44.80844641833333,-79.9660417
1034,1.1729999780654907,1.7599999904632568,44.80844641833333,-79.9660417
1035,1.1740000247955322,1.75,44.80844641833333,-79.9660417
1036,1.1770000457763672,1.7519999742507935,44.80844641833333,-79.9660417
1037,1.1759999990463257,1.7580000162124634,44.80844641833333,-79.9660417
1038,1.1820000410079956,1.7549999952316284,44.80844641833333,-79.9660417
1039,1.1749999523162842,1.7649999856948853,44.80844641833333,-79.9660417
1040,1.1720000505447388,1.753999948501587,44.80844641833333,-79.9660417
1041,1.1660000085830688,1.75,44.80844641833333,-79.9660417
1042,1.1679999828338623,1.7410000562667847,44.80844641833333,-79.9660417
1043,1.1640000343322754,1.74399995803833,44.80844641833333,-79.9660417
1044,1.152999997138977,1.7380000352859497,44.80844641833333,-79.9660417
1045,1.1549999713897705,1.722000002861023,44.80844641833333,-79.9660417
1046,1.156999945640564,1.7239999771118164,44.80844641833333,-79.9660417
1047,1.156999945640564,1.7259999513626099,44.80844641833333,-79.9660417
1048,1.1540000438690186,1.7269999980926514,44.80844641833333,-79.9660417
1049,1.1540000438690186,1.722000002861023,44.80844641833333,-79.9660417
1050,1.1510000228881836,1.7230000495910645,44.80844641833333,-79.9660417
1051,1.1399999856948853,1.718000054359436,44.80844641833333,-79.9660417
1052,1.1339999437332153,1.7009999752044678,44.80844641833333,-79.9660417
1053,1.128000020980835,1.6929999589920044,44.80844641833333,-79.9660417
1054,1.121000051498413,1.6829999685287476,44.80844641833333,-79.9660417
1055,1.1130000352859497,1.6740000247955322,44.80844641833333,-79.9660417
1056,1.1009999513626099,1.6610000133514404,44.80844641833333,-79.9660417
1057,1.0980000495910645,1.6430000066757202,44.80844641833333,-79.9660417
1058,1.0889999866485596,1.6390000581741333,44.80844641833333,-79.9660417
1059,1.0839999914169312,1.625,44.80844641833333,-79.9660417
1060,1.0770000219345093,1.6180000305175781,44.80844641833333,-79.9660417
1061,1.0640000104904175,1.6069999933242798,44.80844641833333,-79.9660417
1062,1.055999994277954,1.5880000591278076,44.80844641833333,-79.9660417
1063,1.055999994277954,1.5770000219345093,44.80844641833333,-79.9660417
1064,1.0540000200271606,1.5770000219345093,44.80844641833333,-79.9660417
1065,1.0449999570846558,1.5729999542236328,44.80844641833333,-79.9660417
1066,1.0399999618530273,1.559999942779541,44.80844641833333,-79.9660417
1067,1.0360000133514404,1.5520000457763672,44.80844641833333,-79.9660417
1068,1.031000018119812,1.5460000038146973,44.80844641833333,-79.9660417
1069,1.0230000019073486,1.5399999618530273,44.80844641833333,-79.9660417
1070,1.0169999599456787,1.5260000228881836,44.80844641833333,-79.9660417
1071,1.0140000581741333,1.5169999599456787,44.80844641833333,-79.9660417
1072,1.0089999437332153,1.5140000581741333,44.80844641833333,-79.9660417
1073,1.0049999952316284,1.5069999694824219,44.80844641833333,-79.9660417
1074,1.0019999742507935,1.5,44.80844641833333,-79.9660417
1075,0.996999979019165,1.4950000047683716,44.80844641833333,-79.9660417
1076,0.9940000176429749,1.4880000352859497,44.80844641833333,-79.9660417
1077,0.9869999885559082,1.4839999675750732,44.80844641833333,-79.9660417
1078,0.9800000190734863,1.4739999771118164,44.80844641833333,-79.9660417
1079,0.9710000157356262,1.4630000591278076,44.80844641833333,-79.9660417
1080,0.9629999995231628,1.4500000476837158,44.80844641833333,-79.9660417
1081,0.9599999785423279,1.437999963760376,44.80844641833333,-79.9660417
1082,0.9549999833106995,1.434000015258789,44.80844641833333,-79.9660417
1083,0.9470000267028809,1.4259999990463257,44.80844641833333,-79.9660417
1084,0.9440000057220459,1.4140000343322754,44.80844641833333,-79.9660417
1085,0.9390000104904175,1.409000039100647,44.80844641833333,-79.9660417
1086,0.9330000281333923,1.4019999504089355,44.80844641833333,-79.9660417
1087,0.9279999732971191,1.3930000066757202,44.80844641833333,-79.9660417
1088,0.925000011920929,1.3849999904632568,44.80844641833333,-79.9660417
1089,0.9240000247955322,1.38100004196167,44.80844641833333,-79.9660417
1090,0.9200000166893005,1.378999948501587,44.80844641833333,-79.9660417
1091,0.9160000085830688,1.3730000257492065,44.80844641833333,-79.9660417
1092,0.9129999876022339,1.3680000305175781,44.80844641833333,-79.9660417
1093,0.9110000133514404,1.3639999628067017,44.80844641833333,-79.9660417
1094,0.906000018119812,1.3589999675750732,44.80844641833333,-79.9660417
1095,0.902999997138977,1.3530000448226929,44.80844641833333,-79.9660417
1096,0.9020000100135803,1.3480000495910645,44.80844641833333,-79.9660417
1097,0.902999997138977,1.347000002861023,44.80844641833333,-79.9660417
1098,0.902999997138977,1.3480000495910645,44.80844641833333,-79.9660417
1099,0.9049999713897705,1.3480000495910645,44.80844641833333,-79.9660417
1100,0.906000018119812,1.3519999980926514,44.80844641833333,-79.9660417
1101,0.9070000052452087,1.3530000448226929,44.80844641833333,-79.9660417
1102,0.9110000133514404,1.3539999723434448,44.80844641833333,-79.9660417
1103,0.9150000214576721,1.3600000143051147,44.80844641833333,-79.9660417
1104,0.9139999747276306,1.3660000562667847,44.80844641833333,-79.9660417
1105,0.9179999828338623,1.3650000095367432,44.80844641833333,-79.9660417
1106,0.9210000038146973,1.371000051498413,44.80844641833333,-79.9660417
1107,0.925000011920929,1.375,44.80844641833333,-79.9660417
1108,0.9269999861717224,1.3799999952316284,44.80844641833333,-79.9660417
1109,0.9309999942779541,1.3839999437332153,44.80844641833333,-79.9660417
1110,0.9369999766349792,1.3899999856948853,44.80844641833333,-79.9660417
1111,0.9409999847412109,1.3990000486373901,44.80844641833333,-79.9660417
1112,0.9470000267028809,1.4040000438690186,44.80844641833333,-79.9660417
1113,0.9539999961853027,1.4140000343322754,44.80844641833333,-79.9660417
1114,0.9620000123977661,1.4249999523162842,44.80844641833333,-79.9660417
1115,0.9700000286102295,1.4359999895095825,44.80844641833333,-79.9660417
1116,0.9789999723434448,1.4479999542236328,44.80844641833333,-79.9660417
1117,0.9869999885559082,1.4609999656677246,44.80844641833333,-79.9660417
1118,0.9980000257492065,1.4730000495910645,44.80844641833333,-79.9660417
1119,1.00600004196167,1.4900000095367432,44.80844641833333,-79.9660417
1120,1.0199999809265137,1.5019999742507935,44.80844641833333,-79.9660417
1121,1.034999966621399,1.5219999551773071,44.80844641833333,-79.9660417
1122,1.0470000505447388,1.5449999570846558,44.80844641833333,-79.9660417
1123,1.059000015258789,1.562999963760376,44.80844641833333,-79.9660417
1124,1.0720000267028809,1.5809999704360962,44.80844641833333,-79.9660417
1125,1.0859999656677246,1.6009999513626099,44.80844641833333,-79.9660417
1126,1.0989999771118164,1.621000051498413,44.80844641833333,-79.9660417
1127,1.1100000143051147,1.6399999856948853,44.80844641833333,-79.9660417
1128,1.125,1.6579999923706055,44.80844641833333,-79.9660417
1129,1.1349999904632568,1.6790000200271606,44.80844641833333,-79.9660417
1130,1.1419999599456787,1.694000005722046,44.80844641833333,-79.9660417
1131,1.1480000019073486,1.7050000429153442,44.80844641833333,-79.9660417
1132,1.152999997138977,1.7130000591278076,44.80844641833333,-79.9660417
1133,1.1670000553131104,1.7209999561309814,44.80844641833333,-79.9660417
1134,1.1679999828338623,1.7419999837875366,44.80844641833333,-79.9660417
1135,1.1679999828338623,1.74399995803833,44.80844641833333,-79.9660417
1136,1.1640000343322754,1.7430000305175781,44.80844641833333,-79.9660417
1137,1.1610000133514404,1.7380000352859497,44.80844641833333,-79.9660417
1138,1.156999945640564,1.7330000400543213,44.80844641833333,-79.9660417
1139,1.1519999504089355,1.7269999980926514,44.80844641833333,-79.9660417
1140,1.1440000534057617,1.718999981880188,44.80844641833333,-79.9660417
1141,1.1360000371932983,1.7079999446868896,44.80844641833333,-79.9660417
1142,1.1260000467300415,1.6950000524520874,44.80844641833333,-79.9660417
1143,1.11899995803833,1.6820000410079956,44.80844641833333,-79.9660417
1144,1.1100000143051147,1.6699999570846558,44.80844641833333,-79.9660417
1145,1.1039999723434448,1.656999945640564,44.80844641833333,-79.9660417
1146,1.093999981880188,1.6480000019073486,44.80844641833333,-79.9660417
1147,1.0839999914169312,1.6330000162124634,44.80844641833333,-79.9660417
1148,1.0720000267028809,1.6180000305175781,44.80844641833333,-79.9660417
1149,1.062000036239624,1.600000023841858,44.80844641833333,-79.9660417
1150,1.0540000200271606,1.5859999656677246,44.80844641833333,-79.9660417
1151,1.0460000038146973,1.5729999542236328,44.80844641833333,-79.9660417
1152,1.0410000085830688,1.5609999895095825,44.80844641833333,-79.9660417
1153,1.027999997138977,1.5540000200271606,44.80844641833333,-79.9660417
1154,1.0260000228881836,1.534999966621399,44.80844641833333,-79.9660417
1155,1.0240000486373901,1.531999945640564,44.80844641833333,-79.9660417
1156,1.0219999551773071,1.5290000438690186,44.80844641833333,-79.9660417
1157,1.024999976158142,1.5260000228881836,44.80844641833333,-79.9660417
1158,1.024999976158142,1.5299999713897705,44.80844641833333,-79.9660417
1159,1.027999997138977,1.5299999713897705,44.80844641833333,-79.9660417
1160,1.031000018119812,1.534999966621399,44.80844641833333,-79.9660417
1161,1.0360000133514404,1.5390000343322754,44.80844641833333,-79.9660417
1162,1.0420000553131104,1.5470000505447388,44.80844641833333,-79.9660417
1163,1.0440000295639038,1.5549999475479126,44.80844641833333,-79.9660417
1164,1.0360000133514404,1.559000015258789,44.80844641833333,-79.9660417
1165,1.0360000133514404,1.5470000505447388,44.80844641833333,-79.9660417
1166,1.0240000486373901,1.5460000038146973,44.80844641833333,-79.9660417
1167,1.0230000019073486,1.5290000438690186,44.80844641833333,-79.9660417
1168,1.0269999504089355,1.527999997138977,44.80844641833333,-79.9660417
1169,1.031999945640564,1.5329999923706055,44.80844641833333,-79.9660417
1170,1.0379999876022339,1.5399999618530273,44.80844641833333,-79.9660417
1171,1.0290000438690186,1.5490000247955322,44.80844641833333,-79.9660417
1172,1.0219999551773071,1.5369999408721924,44.80844641833333,-79.9660417
1173,1.0379999876022339,1.5260000228881836,44.80844641833333,-79.9660417
1174,1.0570000410079956,1.5499999523162842,44.80844641833333,-79.9660417
1175,1.069000005722046,1.5779999494552612,44.80844641833333,-79.9660417
1176,1.0889999866485596,1.5959999561309814,44.80844641833333,-79.9660417
1177,1.1059999465942383,1.625,44.80844641833333,-79.9660417
1178,1.1390000581741333,1.6510000228881836,44.80844641833333,-79.9660417
1179,1.159999966621399,1.7000000476837158,44.80844641833333,-79.9660417
1180,1.1799999475479126,1.7309999465942383,44.80844641833333,-79.9660417
1181,1.2020000219345093,1.7610000371932983,44.80844641833333,-79.9660417
1182,1.2100000381469727,1.7949999570846558,44.80844641833333,-79.9660417
1183,1.2359999418258667,1.8070000410079956,44.80844641833333,-79.9660417
1184,1.2640000581741333,1.8450000286102295,44.80844641833333,-79.9660417
1185,1.2960000038146973,1.8869999647140503,44.80844641833333,-79.9660417
1186,1.3450000286102295,1.934999942779541,44.80844641833333,-79.9660417
1187,1.3849999904632568,2.007999897003174,44.80844641833333,-79.9660417
1188,1.430999994277954,2.068000078201294,44.80844641833333,-79.9660417
1189,1.4789999723434448,2.13700008392334,44.80844641833333,-79.9660417
1190,1.5210000276565552,2.2079999446868896,44.80844641833333,-79.9660417
1191,1.5779999494552612,2.2709999084472656,44.80844641833333,-79.9660417
1192,1.6319999694824219,2.3559999465942383,44.80844641833333,-79.9660417
1193,1.6749999523162842,2.436000108718872,44.80844641833333,-79.9660417
1194,1.7200000286102295,2.500999927520752,44.80844641833333,-79.9660417
1195,1.7680000066757202,2.566999912261963,44.80844641833333,-79.9660417
1196,1.8209999799728394,2.6389999389648438,44.80844641833333,-79.9660417
1197,1.8730000257492065,2.7190001010894775,44.80844641833333,-79.9660417
1198,1.9279999732971191,2.7960000038146973,44.80844641833333,-79.9660417
1199,1.9789999723434448,2.878000020980835,44.80844641833333,-79.9660417
1200,2.0299999713897705,2.9549999237060547,44.80844641833333,-79.9660417
1201,2.0880000591278076,3.0299999713897705,44.80844641833333,-79.9660417
1202,2.135999917984009,3.115999937057495,44.80844641833333,-79.9660417
1203,2.186000108718872,3.187999963760376,44.80844641833333,-79.9660417
1204,2.246000051498413,3.263000011444092,44.80844641833333,-79.9660417
1205,2.2909998893737793,3.3519999980926514,44.80844641833333,-79.9660417
1206,2.3320000171661377,3.4200000762939453,44.80844641833333,-79.9660417
1207,2.374000072479248,3.4800000190734863,44.80844641833333,-79.9660417
1208,2.4159998893737793,3.5439999103546143,44.80844641833333,-79.9660417
1209,2.447999954223633,3.6059999465942383,44.80844641833333,-79.9660417
1210,2.484999895095825,3.6549999713897705,44.80844641833333,-79.9660417
1211,2.5209999084472656,3.7090001106262207,44.80844641833333,-79.9660417
1212,2.553999900817871,3.763000011444092,44.80844641833333,-79.9660417
1213,2.5840001106262207,3.812999963760376,44.80844641833333,-79.9660417
1214,2.611999988555908,3.8570001125335693,44.80844641833333,-79.9660417
1215,2.6419999599456787,3.8980000019073486,44.80844641833333,-79.9660417
1216,2.6579999923706055,3.943000078201294,44.80844641833333,-79.9660417
1217,2.677000045776367,3.9679999351501465,44.80844641833333,-79.9660417
1218,2.694000005722046,3.996000051498413,44.80844641833333,-79.9660417
1219,2.7100000381469727,4.020999908447266,44.80844641833333,-79.9660417
1220,2.7279999256134033,4.045000076293945,44.80844641833333,-79.9660417
1221,2.7360000610351562,4.072000026702881,44.80844641833333,-79.9660417
1222,2.750999927520752,4.083000183105469,44.80844641833333,-79.9660417
1223,2.7639999389648438,4.105999946594238,44.80844641833333,-79.9660417
1224,2.7730000019073486,4.125999927520752,44.80844641833333,-79.9660417
1225,2.7850000858306885,4.138999938964844,44.80844641833333,-79.9660417
1226,2.7950000762939453,4.156000137329102,44.80844641833333,-79.9660417
1227,2.803999900817871,4.171000003814697,44.80844641833333,-79.9660417
1228,2.812000036239624,4.184999942779541,44.80844641833333,-79.9660417
1229,2.822000026702881,4.197000026702881,44.80844641833333,-79.9660417
1230,2.828000068664551,4.211999893188477,44.80844641833333,-79.9660417
1231,2.8340001106262207,4.2220001220703125,44.80844641833333,-79.9660417
1232,2.8369998931884766,4.229000091552734,44.80844641833333,-79.9660417
1233,2.8389999866485596,4.234000205993652,44.80844641833333,-79.9660417
1234,2.8429999351501465,4.236999988555908,44.80844641833333,-79.9660417
1235,2.8420000076293945,4.243000030517578,44.80844641833333,-79.9660417
